Rank,Player Name,Season,Source Batch
1,Nikola Jokić,2023-24,yahoo_screenshot_2023_24_total
2,Shai Gilgeous-Alexander,2023-24,yahoo_screenshot_2023_24_total
3,Luka Dončić,2023-24,yahoo_screenshot_2023_24_total
4,Jayson Tatum,2023-24,yahoo_screenshot_2023_24_total
5,Tyrese Haliburton,2023-24,yahoo_screenshot_2023_24_total
6,Stephen Curry,2023-24,yahoo_screenshot_2023_24_total
7,Giannis Antetokounmpo,2023-24,yahoo_screenshot_2023_24_total
8,Kevin Durant,2023-24,yahoo_screenshot_2023_24_total
9,Damian Lillard,2023-24,yahoo_screenshot_2023_24_total
10,Karl-Anthony Towns,2023-24,yahoo_screenshot_2023_24_total
11,James Harden,2023-24,yahoo_screenshot_2023_24_total
12,LeBron James,2023-24,yahoo_screenshot_2023_24_total
13,Jalen Brunson,2023-24,yahoo_screenshot_2023_24_total
14,Donovan Mitchell,2023-24,yahoo_screenshot_2023_24_total
15,Cade Cunningham,2023-24,yahoo_screenshot_2023_24_total
16,Trey Murphy III,2023-24,yahoo_screenshot_2023_24_total
17,Kristaps Porziņģis,2023-24,yahoo_screenshot_2023_24_total
18,De'Aaron Fox,2023-24,yahoo_screenshot_2023_24_total
19,Anthony Edwards,2023-24,yahoo_screenshot_2023_24_total
20,Jalen Williams,2023-24,yahoo_screenshot_2023_24_total
21,Evan Mobley,2023-24,yahoo_screenshot_2023_24_total
22,Devin Booker,2023-24,yahoo_screenshot_2023_24_total
23,Josh Hart,2023-24,yahoo_screenshot_2023_24_total
24,Trae Young,2023-24,yahoo_screenshot_2023_24_total
25,Alperen Şengün,2023-24,yahoo_screenshot_2023_24_total
26,Tyrese Maxey,2023-24,yahoo_screenshot_2023_24_total
27,Chet Holmgren,2023-24,yahoo_screenshot_2023_24_total
28,Domantas Sabonis,2023-24,yahoo_screenshot_2023_24_total
29,Jaren Jackson Jr.,2023-24,yahoo_screenshot_2023_24_total
30,Jimmy Butler III,2023-24,yahoo_screenshot_2023_24_total
31,Tyler Herro,2023-24,yahoo_screenshot_2023_24_total
32,Derrick White,2023-24,yahoo_screenshot_2023_24_total
33,Franz Wagner,2023-24,yahoo_screenshot_2023_24_total
34,Jamal Murray,2023-24,yahoo_screenshot_2023_24_total
35,Desmond Bane,2023-24,yahoo_screenshot_2023_24_total
36,Dyson Daniels,2023-24,yahoo_screenshot_2023_24_total
37,Darius Garland,2023-24,yahoo_screenshot_2023_24_total
38,Amen Thompson,2023-24,yahoo_screenshot_2023_24_total
39,Scottie Barnes,2023-24,yahoo_screenshot_2023_24_total
40,Pascal Siakam,2023-24,yahoo_screenshot_2023_24_total
41,OG Anunoby,2023-24,yahoo_screenshot_2023_24_total
42,Ja Morant,2023-24,yahoo_screenshot_2023_24_total
43,DeMar DeRozan,2023-24,yahoo_screenshot_2023_24_total
44,Zach LaVine,2023-24,yahoo_screenshot_2023_24_total
45,Jarrett Allen,2023-24,yahoo_screenshot_2023_24_total
46,Zion Williamson,2023-24,yahoo_screenshot_2023_24_total
47,Jaylen Brown,2023-24,yahoo_screenshot_2023_24_total
48,Jalen Duren,2023-24,yahoo_screenshot_2023_24_total
49,Ivica Zubac,2023-24,yahoo_screenshot_2023_24_total
50,Nikola Vučević,2023-24,yahoo_screenshot_2023_24_total
51,Bam Adebayo,2023-24,yahoo_screenshot_2023_24_total
52,Austin Reaves,2023-24,yahoo_screenshot_2023_24_total
53,LaMelo Ball,2023-24,yahoo_screenshot_2023_24_total
54,Fred VanVleet,2023-24,yahoo_screenshot_2023_24_total
55,Walker Kessler,2023-24,yahoo_screenshot_2023_24_total
56,Isaiah Hartenstein,2023-24,yahoo_screenshot_2023_24_total
57,Myles Turner,2023-24,yahoo_screenshot_2023_24_total
58,Kawhi Leonard,2023-24,yahoo_screenshot_2023_24_total
59,Brook Lopez,2023-24,yahoo_screenshot_2023_24_total
60,CJ McCollum,2023-24,yahoo_screenshot_2023_24_total
61,Jordan Poole,2023-24,yahoo_screenshot_2023_24_total
62,Norman Powell,2023-24,yahoo_screenshot_2023_24_total
63,Paolo Banchero,2023-24,yahoo_screenshot_2023_24_total
64,Anfernee Simons,2023-24,yahoo_screenshot_2023_24_total
65,Christian Braun,2023-24,yahoo_screenshot_2023_24_total
66,Josh Giddey,2023-24,yahoo_screenshot_2023_24_total
67,Jaden McDaniels,2023-24,yahoo_screenshot_2023_24_total
68,Lauri Markkanen,2023-24,yahoo_screenshot_2023_24_total
69,Jalen Green,2023-24,yahoo_screenshot_2023_24_total
70,Miles Bridges,2023-24,yahoo_screenshot_2023_24_total
71,Cameron Johnson,2023-24,yahoo_screenshot_2023_24_total
72,RJ Barrett,2023-24,yahoo_screenshot_2023_24_total
73,Michael Porter Jr.,2023-24,yahoo_screenshot_2023_24_total
74,Payton Pritchard,2023-24,yahoo_screenshot_2023_24_total
75,Mikal Bridges,2023-24,yahoo_screenshot_2023_24_total
76,Coby White,2023-24,yahoo_screenshot_2023_24_total
77,Malik Monk,2023-24,yahoo_screenshot_2023_24_total
78,Onyeka Okongwu,2023-24,yahoo_screenshot_2023_24_total
79,Draymond Green,2023-24,yahoo_screenshot_2023_24_total
80,Naz Reid,2023-24,yahoo_screenshot_2023_24_total
81,Jakob Poeltl,2023-24,yahoo_screenshot_2023_24_total
82,Bradley Beal,2023-24,yahoo_screenshot_2023_24_total
83,Santi Aldama,2023-24,yahoo_screenshot_2023_24_total
84,Cam Thomas,2023-24,yahoo_screenshot_2023_24_total
85,Kel'el Ware,2023-24,yahoo_screenshot_2023_24_total
86,Mark Williams,2023-24,yahoo_screenshot_2023_24_total
87,Julius Randle,2023-24,yahoo_screenshot_2023_24_total
88,Devin Vassell,2023-24,yahoo_screenshot_2023_24_total
89,Immanuel Quickley,2023-24,yahoo_screenshot_2023_24_total
90,Quentin Grimes,2023-24,yahoo_screenshot_2023_24_total
91,Tobias Harris,2023-24,yahoo_screenshot_2023_24_total
92,Rudy Gobert,2023-24,yahoo_screenshot_2023_24_total
93,Tari Eason,2023-24,yahoo_screenshot_2023_24_total
94,Ausar Thompson,2023-24,yahoo_screenshot_2023_24_total
95,Paul George,2023-24,yahoo_screenshot_2023_24_total
96,Malik Beasley,2023-24,yahoo_screenshot_2023_24_total
97,Deni Avdija,2023-24,yahoo_screenshot_2023_24_total
98,Brandin Podziemski,2023-24,yahoo_screenshot_2023_24_total
99,Andrew Wiggins,2023-24,yahoo_screenshot_2023_24_total
100,Jonas Valančiūnas,2023-24,yahoo_screenshot_2023_24_total
101,Scoot Henderson,2023-24,yahoo_screenshot_2023_24_total
102,Donte DiVincenzo,2023-24,yahoo_screenshot_2023_24_total
103,Keyonte George,2023-24,yahoo_screenshot_2023_24_total
104,Collin Sexton,2023-24,yahoo_screenshot_2023_24_total
105,Jeremy Sochan,2023-24,yahoo_screenshot_2023_24_total
106,Kelly Oubre Jr.,2023-24,yahoo_screenshot_2023_24_total
107,Donovan Clingan,2023-24,yahoo_screenshot_2023_24_total
108,Alex Sarr,2023-24,yahoo_screenshot_2023_24_total
109,Shaedon Sharpe,2023-24,yahoo_screenshot_2023_24_total
110,Russell Westbrook,2023-24,yahoo_screenshot_2023_24_total
111,Keegan Murray,2023-24,yahoo_screenshot_2023_24_total
112,Kyle Kuzma,2023-24,yahoo_screenshot_2023_24_total
113,Nic Claxton,2023-24,yahoo_screenshot_2023_24_total
114,Matas Buzelis,2023-24,yahoo_screenshot_2023_24_total
115,Guerschon Yabusele,2023-24,yahoo_screenshot_2023_24_total
116,Zach Collins,2023-24,yahoo_screenshot_2023_24_total
117,De'Andre Hunter,2023-24,yahoo_screenshot_2023_24_total
118,Yves Missi,2023-24,yahoo_screenshot_2023_24_total
119,Chris Paul,2023-24,yahoo_screenshot_2023_24_total
120,Naji Marshall,2023-24,yahoo_screenshot_2023_24_total
121,Caris LeVert,2023-24,yahoo_screenshot_2023_24_total
122,D'Angelo Russell,2023-24,yahoo_screenshot_2023_24_total
123,Bilal Coulibaly,2023-24,yahoo_screenshot_2023_24_total
124,P.J. Washington,2023-24,yahoo_screenshot_2023_24_total
125,Jerami Grant,2023-24,yahoo_screenshot_2023_24_total
