Rank,Player Name,Team,PTS,REB,AST,STL,BLK,3PM,TO,FG%,FT%
1,Nikola Jokic,DEN,28.8,12.7,10.3,1.6,0.8,2.1,3.2,0.579,0.808
2,Shai Gilgeous-Alexander,OKC,32.1,5.3,6.3,1.7,1.0,2.1,2.3,0.527,0.886
3,Victor Wembanyama,SA,24.3,11.0,3.7,1.1,3.7,2.9,3.7,0.470,0.827
4,Luka Doncic,LAL,31.1,8.7,8.8,1.6,0.5,3.8,3.8,0.473,0.785
5,Giannis Antetokounmpo,MIL,31.1,11.8,6.8,0.9,1.1,0.4,3.4,0.607,0.633
6,Anthony Davis,DAL,25.1,11.8,3.5,1.2,2.1,0.8,2.2,0.521,0.787
7,Cade Cunningham,DET,26.4,5.9,9.3,1.0,0.8,2.2,4.1,0.463,0.856
8,Anthony Edwards,MIN,28.3,5.9,5.1,1.3,0.6,4.1,3.3,0.449,0.837
9,Karl-Anthony Towns,NY,23.4,11.8,3.1,0.9,0.7,2.1,2.8,0.516,0.846
10,James Harden,LAC,20.6,5.5,8.5,1.3,0.8,2.8,3.6,0.425,0.874
11,Devin Booker,PHO,26.5,4.3,7.6,0.9,0.3,2.4,2.8,0.476,0.890
12,Trae Young,ATL,25.1,3.0,11.4,1.3,0.2,3.1,4.6,0.428,0.867
13,Kevin Durant,HOU,25.0,5.9,4.7,0.8,1.0,2.2,3.1,0.524,0.848
14,Tyrese Maxey,PHI,27.0,3.7,6.3,1.5,0.5,3.2,2.2,0.444,0.872
15,Stephen Curry,GS,24.7,4.4,5.7,0.9,0.4,4.4,2.8,0.449,0.928
16,LeBron James,LAL,24.4,7.4,8.1,1.1,0.5,2.1,3.5,0.526,0.764
17,Domantas Sabonis,SAC,19.1,13.9,6.6,0.8,0.5,0.9,3.0,0.580,0.757
18,LaMelo Ball,CHA,25.3,6.1,7.8,1.3,0.3,3.8,3.7,0.413,0.849
19,Donovan Mitchell,CLE,24.5,4.6,5.3,1.4,0.4,3.3,2.3,0.449,0.843
20,Evan Mobley,CLE,19.1,9.6,3.3,0.9,1.5,1.2,2.1,0.558,0.721
21,Derrick White,BOS,17.8,5.0,5.6,1.0,1.1,3.4,1.6,0.444,0.868
22,Jamal Murray,DEN,21.5,4.1,6.0,1.2,0.6,2.4,2.2,0.474,0.873
23,Jalen Brunson,NY,26.8,3.0,7.2,0.9,0.2,2.4,2.4,0.483,0.835
24,Amen Thompson,HOU,15.1,8.6,5.7,1.6,1.3,0.5,2.1,0.553,0.690
25,Scottie Barnes,TOR,19.8,8.1,6.0,1.4,1.2,1.4,2.8,0.459,0.766
26,De'Aaron Fox,SA,23.9,4.6,5.9,1.6,0.4,2.3,2.7,0.466,0.796
27,Jalen Williams,OKC,21.7,5.0,5.1,1.4,0.7,1.9,2.0,0.484,0.801
28,Trey Murphy III,NO,22.0,5.1,3.8,1.1,0.6,3.2,2.1,0.444,0.868
29,Jaren Jackson Jr.,MEM,22.6,5.7,2.2,1.2,1.6,1.9,2.3,0.467,0.796
30,Chet Holmgren,OKC,15.5,8.4,2.3,0.7,2.3,1.5,1.6,0.491,0.772