PLAYER_NAME,GP_FACTOR,AGE,DECLINE_FACTOR,TREND_ROLE_SCORE,TREND_ROLE_BOOST,TREND_SHIFT,TREND_COMPOSITE_SCORE,FGM,FGA,3PTM,FTM,PTS,REB,AST,ST,BLK,TO,PF,FG%,DD,TD,TECH,GP,MIN,FGM_G,FG%_G,FTM_G,3PTM_G,PTS_G,REB_G,AST_G,ST_G,BLK_G,TO_G,PF_G,TECH_G,DD_G,TD_G,TOTAL_VALUE,RANK
Nikola Jokić,0.881,29.0,1.0,0.141,0.0,0.128,0.201,9.710582182446688,16.808844918810113,1.5360957107638684,4.406171246774027,25.363431322431268,11.138930096400934,8.733466460958175,1.5006919995886743,0.6135942474976056,2.8317888891799687,2.050136194969023,0.5776176831261157,0.6948223363441063,0.36209051330608355,0.02510168017919201,70,36.72857142857143,0.403067149436159,1.2751319988775993,0.45022288161312585,0.04320427787981826,0.1843622615572976,0.21089874024125546,0.46608321523331714,0.629777820762369,0.39457296323052343,-0.23657583874603522,-0.11851059229013051,-0.23597288584048812,1.2793161921753886,1.1528916938302027,5.8984698779604035,1
LeBron James,0.858,40.0,0.98,0.007,0.0,-0.013,-0.02,7.936748865973429,15.17418151243488,1.780816753508365,3.2975686555907724,20.951883141045993,6.397097064002885,6.936569635616633,0.9238763301965492,0.4615276629798651,3.0385830997971808,1.086791912335404,0.5233690023354645,0.3774693815345393,0.10784839472415407,0.012996810048207807,70,34.91428571428571,0.34797713435528493,0.6979493365707322,0.2543631573253861,0.19229380487799339,0.154617153664303,0.11665206594300172,0.4111041566460098,0.1425328349466016,0.10429411372850235,-0.2896682227686423,0.2495796669707108,0.49595729838657215,0.9363915140322304,1.1490444640182722,4.9630884786969585,2
Giannis Antetokounmpo,0.847,30.0,1.0,0.003,0.0,-0.037,-0.058,9.89828898572796,16.35303931859976,0.26663383991946926,5.699384304152233,25.762596115527625,9.954593424493021,5.4954376827777605,0.847194880109711,0.9576953600359452,2.726989203846158,2.1565078376136855,0.6050014974841156,0.7003596688641395,0.14684960798764216,0.025670441088608983,67,34.16417910447761,0.5166925786408342,1.4277536243378413,0.41274818035260336,-1.1947367670054672,0.25433265871920535,0.21231998778775876,0.25440047211423195,0.08465155253953106,0.6083708492410439,-0.22270879521002857,-0.11610552316155445,-0.2598805917853529,1.285244979060047,1.1515630273378215,4.414646232968515,3
Tyrese Haliburton,0.871,24.0,1.0,0.032,0.0,-0.019,-0.03,5.928646998704555,12.486488443825435,2.546160126428385,2.3314941263619446,16.73494825019944,3.2133845194775805,8.606456024258094,1.1720397934883828,0.5930405840965471,1.6584948749386839,1.0382509625631722,0.47466975090507957,0.369525627790528,0.00879822923310781,0.012804063002941795,73,33.57534246575342,0.12173515250714274,0.06899767017969993,0.03540583493236821,0.49457122667410225,0.06531414894028399,-0.10985565731330656,0.4355276429420653,0.35284932654088735,0.32253278625830645,-0.031928282875564463,0.2958352042730316,0.5122727566874581,0.9152425310775996,0.5163912778125552,3.9948916186366294,4
Jayson Tatum,0.886,26.0,1.0,0.048,0.0,0.041,0.064,8.114527939390102,17.71280324830161,2.9652711829682725,4.590632224108208,23.784959285856683,7.510810531827667,4.988916366455531,0.9229831867211291,0.48349644273709846,2.4651876723700608,1.8669433503694066,0.45811986072395994,0.38127088693308936,0.020609237131518344,0.022598028514709868,72,36.44444444444444,0.35654604746335233,-0.22094597232917604,0.3713777456402344,0.7037019757030413,0.19870742823077508,0.16558557731427245,0.30550746156674313,0.13617759538947108,0.1675201342214122,-0.1967005807854691,-0.0573250663871187,-0.12191578272230427,0.9370794510345342,0.9125302510453275,3.657846265385095,5
Luka Dončić,0.719,25.0,1.0,0.0,0.0,-0.072,-0.113,7.353752705208459,15.72850853161119,2.7102105871972544,4.649769136148794,22.067485133762965,6.2201628831348055,6.192224253243941,1.1618836142753048,0.3412935742345209,2.716945723476845,1.6854665840409042,0.46782211771028387,0.287479886157657,0.06533633776310387,0.020267331974114816,50,35.38,0.255918667606851,-0.025170480752953108,0.3798990805245789,0.6175157039559439,0.15489430013490493,0.10586055733373301,0.3044432375367541,0.3297055740570522,-0.15159596879072845,-0.23833528285073657,0.0002560626232390555,-0.0011675479625367574,0.7585459409024865,1.134455824200648,3.6252256685192368,6
James Harden,0.94,35.0,0.984,0.078,0.0,0.106,0.167,5.763993029574064,13.931168892346085,2.6553844128576056,5.368496942797201,19.55186741480293,5.180511082584148,8.005604167676076,1.2766621375423333,0.6680318990674308,3.559641710455871,1.8262983853031285,0.41367158936793447,0.41240958336333877,0.03017631097780528,0.022070953849166783,79,35.30379746835443,0.10063609812157509,-1.0672247590574766,0.4973786294689286,0.6428879694434494,0.11959234655935855,0.08189293739942677,0.530849953630442,0.4596731044633283,0.44029071828782085,-0.2786219186909031,-0.043079825049255935,-0.09592265964345079,0.9867432181479563,1.0303691790862157,3.405464992167415,7
Anthony Davis,0.733,31.0,1.0,0.028,0.0,0.011,0.017,6.799321046390166,12.822187933878073,0.4216902919523185,4.092256931172334,18.112589315904987,8.76700938111043,2.5883196217955113,0.858785955597053,1.6304190511360244,1.5910901694349042,1.5172534693959516,0.5300595273914057,0.4886619581169758,0.012859525213604627,0.018031626254516406,51,33.450980392156865,0.1993665059192145,0.6449706324969405,0.34572630136896204,-0.8286997491606496,0.09034625237415478,0.15084206475327758,-0.08356851672602872,0.10612020474795031,0.8057253723674149,-0.01210978643875297,0.052184432998766156,0.13015706336179725,1.0755108122964723,0.7067511874112479,3.383322777770767,8
Shai Gilgeous-Alexander,0.923,26.0,1.0,0.074,0.0,0.068,0.107,10.246598179465504,19.55790575197489,1.7311812132171498,7.201192802553351,29.425570374701508,4.758022488538344,5.847776043153952,1.6693449639714986,0.9013097413021558,2.1525162445567094,2.0755739693888335,0.5235922113808348,0.09670454890655718,0.0,0.02561571630695281,76,34.18421052631579,0.46503123427419524,0.901780215690544,0.6480867119223612,0.1654812903468191,0.2390043220473059,0.05190481301909306,0.4709892997920716,0.5140846092020678,0.6330723094318179,-0.16449160098354704,-0.11725726749175268,-0.2576104221803285,0.08040135293602294,-0.3507308446186995,3.279746023387971,9
Cade Cunningham,0.831,23.0,1.0,0.108,0.0,0.14,0.23,7.8597785500730595,16.902262558165674,1.727428106103181,3.5910368742272682,21.038022080476566,4.70231471844442,7.253233384286838,0.8209179712262561,0.5504439777453074,3.472854761155446,2.252106002023154,0.4646519656372753,0.3647114812611541,0.10130874479476502,0.026791097560975606,70,35.02857142857143,0.287014059051131,-0.08523749703605375,0.2479379340948866,0.1452322148722337,0.13464814118668764,0.04554582891237255,0.455439758304901,0.05423279297744454,0.2697104790923737,-0.2617520006102902,-0.1572844751444965,-0.3050064904222577,0.9140365473975492,1.1481592488406756,2.892676541517157,10
Bam Adebayo,0.924,27.0,1.0,0.084,0.0,0.061,0.095,6.556989307172746,13.206065612528192,0.7032567013546104,3.234654631565423,17.051889947265522,9.10244371622934,3.8760675640498206,1.1278088613018142,0.7007920536917102,1.9712531261019308,1.9670967921518236,0.49634916154238146,0.441180417268337,0.010504295649246119,0.023710296139478337,78,34.282051282051285,0.2273195098819921,0.33705649917491415,0.25744371168907143,-0.5618760408365928,0.09084869455455095,0.19491273986912844,0.18531961405259026,0.3558600729058114,0.44060044422820205,-0.11763493558055489,-0.09921722070986376,-0.17443727815720303,1.0326263887644815,0.6062229145858571,2.775045114422385,11
Domantas Sabonis,0.912,28.0,1.0,0.047,0.0,-0.02,-0.032,6.935756103091728,11.724874426621831,0.6567624453059919,2.999791779176439,17.528066430665888,12.575372988783148,6.288496752786442,0.7031748638516642,0.41568872064977913,2.785915219151012,2.9017502002312314,0.591601729156089,0.7676054611003177,0.11993835329692464,0.034866079303415995,70,34.7,0.2320419184382812,0.9567778662293634,0.18595510151821495,-0.6685747059414169,0.08664940586553417,0.18571651046623922,0.41110417339111116,-0.09843716967862054,0.028966017709882344,-0.24818499195167726,-0.2661145611272624,-0.566276680660693,1.3346557420073566,1.150202962272804,2.724481588539117,12
Victor Wembanyama,0.617,21.0,1.0,0.154,0.103,0.088,0.138,5.348402682847029,11.28021111220762,1.7591198706128053,2.1973643544528136,14.653289590759675,6.748051209466477,2.2778952993930783,0.7101827337282871,2.333333479396953,2.0475377610226797,1.394397953003327,0.47414404958737366,0.3456612522515366,0.012345044723269163,0.016758398211837888,46,33.19565217391305,0.036205430042383496,0.05641404882134566,-0.0017558836044302628,0.13391590272260823,0.01612681083503719,0.11746472790630019,-0.15911837961097003,-0.09364960759925466,0.8178288644290653,-0.1299140681845588,0.09260100066799823,0.2127139622048589,0.8805713230861582,0.686805664000068,2.6662097957166093,13
Karl-Anthony Towns,0.844,29.0,1.0,0.104,0.0,0.094,0.147,7.215606386211552,13.873768380191686,1.7165852776798842,3.831375817102009,19.979173867205,9.720271203878637,2.593276455157647,0.7626108036241664,0.5780717640165708,2.2946570416964547,2.8781084755889697,0.5202283731383534,0.6503922202190868,0.008789084057014685,0.03467821005535714,72,34.958333333333336,0.25662448636002566,0.606758742504479,0.4113840552136753,0.14316450531399927,0.14850704753951902,0.15411193702466008,-0.09677400045127886,-0.019262228991169597,0.3077929173017187,-0.1599574895243491,-0.29102086847772524,-0.5612599385024634,1.2290216701445562,0.5158645642306318,2.6449553996862782,14
Josh Giddey,0.872,22.0,1.0,0.254,0.085,0.14,0.36,4.585373475609756,9.833974847560976,1.2458003048780488,2.0163871951219514,12.432934451219513,6.833139155052264,5.956828179442509,0.9727705792682928,0.5483950348432056,2.4134364111498257,1.4732082970383276,0.4664081463009144,0.36040650406504066,0.08138211382113822,0.016610670731707314,70,30.242857142857144,-0.06702633917824016,-0.0306091521466523,-0.05722860585279954,-0.14621357482952455,-0.03605663742554171,0.10722610444921518,0.317811631630624,0.1633744952459229,0.2543315173303899,-0.21847339025817683,0.0843791861071192,0.2226905689018441,0.8998454299321142,1.143355736524604,2.6374069704308987,15
Scottie Barnes,0.767,23.0,1.0,0.0,0.0,-0.054,-0.085,5.641491579110412,12.320180439905865,1.0653909468742262,2.6093588194572965,14.957732924552344,6.087691887593224,4.534732138850659,1.0372111574251932,0.9066053774911348,2.14995593129784,1.40763424211841,0.45816041892837217,0.29993737733731946,0.011108791753234053,0.016671519223666005,65,32.83076923076923,0.09005332792117285,-0.15280896384488646,0.11627940872919548,-0.25101071086047616,0.034784211366946934,0.10311721485147035,0.2593339486744798,0.21962071750238688,0.586931452439756,-0.1400434492763814,0.09847067180926075,0.2185708830538991,0.7961080942151458,0.6343871317691248,2.613793938351095,16
Joel Embiid,0.5,29.0,1.0,0.0,0.0,0.0,0.0,5.769230769230769,10.91025641025641,0.6923076923076923,5.115384615384615,17.346153846153847,5.512820512820513,2.8076923076923075,0.5897435897435898,0.8461538461538461,1.9230769230769231,1.435897435897436,0.529,0.18421052631578946,0.02631578947368421,0.014775,39,33.56410256410256,0.05621420188579314,0.5409008359942457,0.34500001745628855,-0.5527743825041193,0.050741498205126224,0.059624403234535994,-0.02726013709192486,-0.29203974285750245,0.471294287987413,-0.07263578440767843,0.06697618176107488,0.3541336185549094,0.4814253502363163,0.9937859870986298,2.4753863355531083,17
Nikola Vučević,0.902,34.0,0.988,0.047,0.0,0.052,0.081,6.7656645919696965,13.166951681945573,1.4145696009073447,1.3932898750962017,16.33918865994294,9.109216293579165,3.078000062149674,0.6935331622450417,0.6570886045758445,1.43810493800891,2.0670108335060386,0.5139603701773451,0.5598857803589787,0.01142624041548936,0.024732097379326724,73,31.205479452054796,0.24255776153503206,0.5180724466727529,-0.4604615640332743,-0.03732310543540937,0.07628618844411648,0.23564648913351272,0.034474900754598185,-0.1289204936736673,0.4130613351715724,0.04703417615064582,-0.13505277717036537,-0.22005845786119468,1.167913683170051,0.6484871711247029,2.401717753983073,18
Kevin Durant,0.819,36.0,0.98,0.013,0.0,-0.023,-0.037,7.814650285452061,14.880400402832917,1.962958741270742,3.904309638998634,21.496568951173497,5.024576884948776,3.660855662177999,0.6837731271678194,0.9879488932235283,2.5207413333300184,1.3773955932437372,0.5253542235711653,0.05903350180550295,0.0,0.016739539771968417,62,36.53225806451613,0.3181955567474019,0.7037225491707618,0.31061029897887255,0.29565120073477386,0.14751652174677551,0.07444286846995672,0.12184187903767599,-0.1644869463357162,0.7139764567581501,-0.18898406610626878,0.12398222550154712,0.21398279431725442,-0.21850825648497857,-0.3507308446186995,2.101212237917507,19
Josh Hart,0.946,29.0,1.0,0.179,0.085,0.14,0.309,4.737113072564232,9.233585276989867,1.0177044677377867,1.820297738595112,12.31222835146136,8.881918705952083,5.312050607132694,1.3744607594398885,0.32235485533590025,1.8572475605693306,2.3993627410086757,0.5132538130491471,0.382364933089845,0.09559123327246125,0.02739692541205375,77,37.62337662337662,-0.05225118999369263,0.3551444601528726,-0.13195270924726712,-0.33175070012658076,-0.047969698403696866,0.16096370748523636,0.318309883983774,0.5471958649854303,-0.20920162022392963,-0.0964946860638862,-0.18237811179006144,-0.32835953566542736,0.9489703323786789,1.1471710004907552,2.097396997962205,20
Alperen Şengün,0.862,22.0,1.0,0.009,0.0,-0.031,-0.049,6.751088724997229,13.162482363469213,0.32500161838433417,3.3513510575763914,17.178530125955184,8.571587914649283,4.241588289639976,0.9886287856327529,0.6668308581333218,2.2080650666782784,2.5815999687053943,0.5130081471556617,0.49420469991130206,0.03876115293421977,0.0431217826393195,76,31.513157894736842,0.23214310292065043,0.5081704663250685,0.2970501559965059,-1.1367843969054847,0.09946546067258569,0.20004737313539542,0.24169788898871225,0.2058594837925102,0.40092891335045105,-0.16444159732224897,-0.27141849976037385,-0.750204940993797,1.0932371110786987,1.0812153213738411,2.036965842652515,21
Anthony Edwards,0.963,23.0,1.0,0.093,0.0,0.069,0.108,8.781488691519966,19.457040349798387,3.41735549432042,5.090826903914239,26.07115978127459,5.413176642653423,4.549693721897127,1.1470702152586543,0.5883685135842842,3.0067340716955155,1.7956855867550157,0.45118303873862403,0.09932109630374654,0.0,0.021532317073170732,79,36.34177215189873,0.4162701745960984,-0.40505239364906526,0.4070967757008011,0.8820445467860912,0.22720209887845927,0.09095116044788212,0.26869474289805917,0.38193047793256923,0.3353360286596998,-0.2954102405140183,-0.03431021216970287,-0.06858899891990287,0.09746758457009239,-0.3507308446186995,1.952900900598364,22
Miles Bridges,0.803,26.0,1.0,0.016,0.0,0.007,0.01,6.112812987261196,13.816623058524053,1.790357923847739,2.4972156635502687,16.513199561920402,5.9764512401596965,2.955506734130744,0.6273044926165033,0.49806769412348845,1.6692937634890934,1.2427977671696673,0.44263665008516034,0.16531269009905597,0.011808049292789712,0.01517570495109334,64,31.703125,0.13845285876497704,-0.44022935046756945,0.08697955046598708,0.18824992886337988,0.06361845181890766,0.11627966473008121,-0.00231238868192205,-0.20830134001675207,0.19557118120542125,-0.0375070363002483,0.1969807319130927,0.3242141788499229,0.4269363700405599,0.6648479047832254,1.713780705969063,23
Damian Lillard,0.77,34.0,0.988,0.035,0.0,0.032,0.05,5.760897427763068,13.115551672846838,2.4843609690129633,4.811162991842871,18.817318816381974,3.488316354240257,5.349909435825734,0.8606774381201097,0.15056175292543775,2.086231388679234,1.3151499997890987,0.4396371909868045,0.1589906992600615,0.022712957037151645,0.015864432666524497,58,36.08620689655172,0.10287630206339672,-0.47161408336389826,0.3992469644347051,0.5055506313220898,0.10494349673737283,-0.07634257833259972,0.28785679447589285,0.09630642480627016,-0.9115193455146898,-0.13186513665968141,0.1368302083300942,0.2744194134151187,0.3973337507928881,0.9472440775459544,1.6612669200529138,24
Stephen Curry,0.87,36.0,0.98,0.015,0.0,0.041,0.065,7.075792780640143,15.763987139547192,3.8962549898205316,3.4135816576363376,21.461422208737147,3.7843239240561566,4.873426520838416,0.8567825981067672,0.35109271248499724,2.430336219734268,1.2207370410012681,0.4487049125294956,0.10029884804746388,0.0,0.01508996168874094,70,32.17142857142857,0.24130466172163392,-0.37737286101479145,0.2528809639738158,1.0914704375046778,0.14176807249257656,-0.03459744737581675,0.28015324076799825,0.10073587898886094,-0.13002962717690958,-0.20182090983206497,0.20280466516437887,0.3305565534146912,0.1042774073829438,-0.3507308446186995,1.6514001913932952,25
Austin Reaves,0.918,26.0,1.0,0.131,0.0,0.124,0.194,5.775616806743333,12.405641134781554,2.31581755555646,3.674207590441794,17.541258759484922,4.087120061682169,5.228808633079077,0.9481188257552484,0.27741609887549407,2.155592616864878,1.8517791827307517,0.46554263917749383,0.10073760561034889,0.011193067290038765,0.022303305882131242,73,34.93150684931507,0.13013696045451253,-0.05045662708197234,0.2868981414304785,0.5163804867190767,0.11223198388169986,-0.004100258725509491,0.30296127610668677,0.1980007725719232,-0.3356846247232308,-0.1446114168608103,-0.04627583114349643,-0.10747160369903885,0.10661897330839591,0.6381754666140811,1.6028036988527963,26
Deni Avdija,0.889,24.0,1.0,0.058,0.0,0.085,0.133,4.917890818408378,10.155098742569772,1.3975618911951746,3.2349089850225465,14.46825251303448,6.429995381311664,3.4452161288472896,0.828289681580056,0.43041783183600635,2.2671549202766643,2.1342694256677204,0.4841650087518643,0.2014332791097005,0.023698032836435356,0.025993779767465027,72,30.01388888888889,-0.019895335510255914,0.14935994205407022,0.2238335593750524,-0.04425913053133885,0.013275268076059287,0.11062548705653821,0.11518640037651855,0.06313583986332204,0.0609241970075152,-0.16405817603933157,-0.15080666257003186,-0.27316515751239645,0.5516487731766561,0.9614241197775725,1.5972291245999497,27
Evan Mobley,0.794,23.0,1.0,0.082,0.0,0.096,0.151,5.492047927676037,9.755056348260778,0.7831063773651483,2.3278840544884507,14.095086287205671,7.390433022982528,2.5322962983177373,0.6915412719057985,1.2306700368987997,1.5685820270933506,1.7314508648225544,0.5627717518122556,0.3923981770382216,0.0,0.021567065171872696,71,30.52112676056338,0.0733886642190311,0.6711648610160129,0.03869057015119151,-0.4837128536742606,0.007198096321486813,0.17874093679531736,-0.1179416499985209,-0.1277988771291292,0.7553572242303903,-0.00632439761389919,-0.013334175434682707,-0.07037637374493014,0.9616332311614721,-0.3507308446186995,1.51595441168078,28
Amen Thompson,0.829,22.0,1.0,0.383,0.085,0.14,0.388,4.439899364587966,8.00920363972223,0.2712413625012828,1.9376818150720079,11.088721906749223,6.577346385078508,3.0319352914514424,1.1465627886292888,0.9847051277665653,1.5891532258064518,1.9874342566619918,0.5546555552868339,0.2122174301011303,0.030316775728732898,0.02349246951219512,69,32.2463768115942,-0.09478907924768935,0.5164311151220182,-0.09459024176544809,-1.2388742978422078,-0.09425253003940975,0.10198272523039308,0.013981828283778388,0.3168864640189316,0.6779498547751388,-0.012020190393222155,-0.09944812194111899,-0.16439274522978595,0.5839375686357018,1.031497925054921,1.4443002746620006,29
Ivica Zubac,0.954,27.0,1.0,0.267,0.085,0.14,0.318,6.70744512195122,10.636728658536587,0.0,1.8331280487804882,15.248018292682927,11.550838414634146,2.3640213414634146,0.6035746951219513,1.0865396341463416,1.4530320121951221,2.080939024390244,0.6301555287463164,0.6634146341463415,0.010365853658536586,0.026177926829268294,80,32.8,0.1962599530600082,1.0167545583981048,-0.16443611925010265,-1.752693050785332,0.03818709288241197,0.1877915410574462,-0.18355976267798418,-0.28914128437493614,0.731661354392314,0.03857898752757918,-0.10351535221081275,-0.2806337962212818,1.2449191487649174,0.5995197122271277,1.2796929827894599,30
Pascal Siakam,0.959,30.0,1.0,0.046,0.0,0.041,0.064,7.749358454603511,14.773583521476075,1.3723933196617235,3.013132780566497,19.884243009435245,6.686556196880965,3.5245671377907186,0.825710113765468,0.444097669333706,1.4577789427445116,2.32124702086955,0.5248648426956883,0.12670994387476234,0.0,0.027630008332919603,78,32.666666666666664,0.3348580691800664,0.6930426429743191,0.21446026870823723,-0.06270354175440264,0.1500844455306141,0.1432804991064924,0.13727954427897882,0.06312004854087715,0.08739826060662446,0.03552295274792666,-0.1661356581403408,-0.33715738002875223,0.25342364994204625,-0.3507308446186995,1.1957429570739877,31
Tyrese Maxey,0.708,24.0,1.0,0.006,0.0,0.038,0.059,6.481922145050835,14.68827511104374,2.176420732687301,3.4115755265152234,18.551840549304195,2.4506665386911304,4.338403773551185,1.0567944858664935,0.3021211983704038,1.5149897460332824,1.5621514107241268,0.44128359163121467,0.09939015262386786,0.012423769077983482,0.018695287708549543,52,37.69230769230769,0.13596686109210535,-0.49386331451727145,0.2630554248594115,0.34913513742450375,0.07436471895957218,-0.2528425084851881,0.21549968932373295,0.24553932063916153,-0.2744744097967994,0.009530279895791938,0.04036215248820569,0.08944257108846504,0.09806529283594465,0.6899252416066879,1.1897064574143235,32
Kawhi Leonard,0.616,33.0,0.983,0.002,0.0,-0.06,-0.095,5.227575688663086,10.258207793465049,1.2630949027870166,1.8856268551774968,13.603873135290684,3.635175773022365,2.0171024395087787,0.975183031218037,0.3856367344823456,1.1263042504879393,0.893230242513209,0.5098470103932807,0.11005788562622348,0.0,0.01062333741007122,37,31.89189189189189,0.020658297189210355,0.3720909194344182,-0.1063147447251623,-0.12489751124637126,-0.006676446280514652,-0.04396357226638868,-0.29585227057074026,0.17149305410909305,-0.038913566911092455,0.1227195838231807,0.4243033589884254,0.7111637514159083,0.1635856302255009,-0.3507308446186995,1.0186656385667678,33
Jarrett Allen,0.974,26.0,1.0,0.0,0.0,-0.059,-0.093,5.885360394193891,8.79510908999627,0.0,2.615836421112442,14.386557209500227,9.812538375797525,2.2141629319025653,0.8081873031561561,0.935026689884128,1.3158279768056207,1.6600790923087188,0.6691942073311269,0.471390906756821,0.0,0.019275789034990873,82,28.0,0.13455260772688704,0.931443622424841,0.11461188465231018,-1.752693050785332,0.017180034833775337,0.19701176309281204,-0.25654310645592676,0.03515210597914608,0.6585882663041078,0.1095031260344537,0.009283590778271398,0.055056045982835554,1.0670686376735308,-0.3507308446186995,0.9694846836230128,34
Jalen Johnson,0.502,23.0,1.0,0.1,0.0,0.115,0.18,3.6365814419235605,7.235804090151708,0.6201232424803699,1.2204800685870663,9.113766194914557,4.846473907006778,2.342994030867654,0.7346954337266008,0.48147712549052785,1.3303824106213706,1.0023863565844229,0.502491815364624,0.2705723175853371,0.012884396075492245,0.01258741074595215,36,35.666666666666664,-0.2804932973721342,0.2204141840862623,-0.4628111997344147,-0.6033391323508286,-0.19443386583663552,0.04672377859500047,-0.13428970479006297,-0.05217852183761336,0.1528460960644438,0.06134779036543355,0.23709197509506305,0.5308443279802734,0.7347704141319619,0.7076894327303112,0.9641822771270601,35
Desmond Bane,0.708,26.0,1.0,0.033,0.0,-0.031,-0.048,5.467280371509446,11.512611205558592,1.9366579292202475,2.0364205886063975,14.907639260845537,3.8132681483041027,3.8223282301196218,0.7817427093113531,0.3211410302890087,1.7961619084505382,1.820394850873399,0.4747804276865689,0.09856135020418666,0.008960122745835152,0.02197873308939633,69,31.956521739130434,0.06414243726297059,0.06493379726894742,-0.058297887350081325,0.2748727232956698,0.02981267037993369,-0.028998276230006666,0.17615447761752545,0.004984083490745806,-0.2108760689678557,-0.07009691795411171,-0.04290205719637711,-0.09129884461932988,0.09287154114514283,0.5256306461071574,0.7309323242503307,36
Russell Westbrook,0.902,36.0,0.98,0.25,0.085,0.14,0.278,4.322898615853658,9.616106286585365,1.0234145975609759,1.7569625243902438,11.426174353658539,4.3747304573170736,5.174016963414634,1.205995768292683,0.41544321341463414,2.7046828780487804,2.118962274390244,0.449672073893663,0.13596810506566606,0.03884803001876173,0.023729833536585365,75,27.893333333333334,-0.130823528786117,-0.21616076540123552,-0.2013369658064542,-0.3206726840509067,-0.08742368821613816,0.018753476236466338,0.30000519776936013,0.3763410647476147,0.028539102835296416,-0.2313065912312839,-0.11702988303394321,-0.17533259589467767,0.3022432452015203,1.081582599440722,0.6273779838102236,37
Devin Booker,0.88,28.0,1.0,0.033,0.0,-0.025,-0.039,7.931858131295758,16.76148073427329,2.076321267795643,5.140622002548031,23.080659532935194,3.7436237735333364,6.170923008103348,0.7878864623332755,0.2577131926303359,2.471618281620096,2.4616292349110025,0.47349853734262826,0.1806141422726606,0.0,0.029056300138114274,75,37.266666666666666,0.29941014413732886,0.07287703550777273,0.45015824004511834,0.3058825998644137,0.15936737169425746,-0.03936572012746787,0.39571666457633103,0.014046205835335949,-0.43683500412274257,-0.18650805811498916,-0.17364238772087845,-0.38883560277079204,0.48803277623502495,-0.3507308446186995,0.6095734204200131,38
De'Aaron Fox,0.818,27.0,1.0,0.018,0.0,-0.049,-0.077,7.471682907881601,16.10035559447319,1.8998918404702034,3.461504363903728,20.304762020137133,3.858804368146457,4.938958942122267,1.3947247875004996,0.3353296621499584,2.2319311540562725,2.151217559296693,0.46390163531514955,0.11156214821069926,0.0,0.025525419510607994,62,36.145161290322584,0.2593542346803173,-0.09448485468698194,0.2645693924718246,0.23717168573989042,0.12177267531857242,-0.028888260688465166,0.29693839947142664,0.46221120736972454,-0.16963412684619053,-0.1548154429707734,-0.15203244978032815,-0.25385068725133364,0.17186332292126635,-0.3507308446186995,0.6094442511302497,39
Jalen Williams,0.848,23.0,1.0,0.097,0.0,0.12,0.188,6.802885425940045,13.71249484995427,1.4483956114289096,2.707737495975624,17.761903959284624,4.235413717796045,4.220167395575486,1.2593418807038825,0.558013460328055,1.7472224970729384,1.9789657494024362,0.49636557300381856,0.034599696967213864,0.0,0.02415923840735708,69,32.42028985507246,0.24874974346659115,0.35044378044694807,0.12360168524930233,-0.01222486943863583,0.1129333672507012,0.010515172230966485,0.2669478584220167,0.39611027826443324,0.2940903161632658,-0.06533887298267695,-0.09047617760386761,-0.19478101454392216,-0.5000505271562861,-0.3507308446186995,0.5897898951501367,40
Zion Williamson,0.52,24.0,1.0,0.034,0.0,0.058,0.091,4.8829071016962455,8.59720150650954,0.049685809968985556,2.689809943468294,12.505309956829771,3.516132422735409,2.713438714166724,0.6198584903262573,0.4306830102892986,1.521197246585342,1.3463007490821017,0.5678992596528307,0.13010355329088225,0.03252588832272056,0.01592467492280399,30,28.566666666666666,-0.02309076072759979,0.6137633753666416,0.10476469483543352,-1.617707007924808,-0.038032770683564726,-0.05271533517658669,-0.054987449632669154,-0.16919471230787997,0.0548316577392605,0.010109251164980805,0.10955246553001294,0.27015920558746015,0.26924544928695726,1.0477096649373336,0.5244077279949718,41
Jamal Murray,0.781,27.0,1.0,0.095,0.0,0.008,0.012,6.222811868187837,13.065731329969248,1.856109207713849,2.3719287268941427,16.673661670983666,3.1025147132990423,4.840736866405071,0.9486077657024475,0.43312774130123655,1.62604628639929,1.4501493151300355,0.47656859992239575,0.04595573321253868,0.0,0.017460880834104072,67,36.08955223880597,0.13416585315549912,0.09706637865491953,0.050005443355812515,0.20062146073344178,0.06143242178193959,-0.12003282450623702,0.3195995805837927,0.17410646654477646,0.06200619217494992,-0.020090059672790775,0.09457445165836668,0.16642012415792687,-0.3565036464555357,-0.3507308446186995,0.5126409975481622,42
Michael Porter Jr.,0.956,26.0,1.0,0.068,0.0,0.037,0.058,6.41879960427971,12.911413611809222,2.462652447128099,1.5908698905970944,16.891121546284612,6.688815127191806,1.8419187048166519,0.5782118757139496,0.5234822679902019,1.2211793430863844,1.8798521222017313,0.4973365444607471,0.16092808021909058,0.0,0.02207229200254964,77,33.675324675324674,0.1743391996262698,0.33940680018028274,-0.3083416995811354,0.5569674675142566,0.07332580021157493,0.1532844065026191,-0.41875308165055936,-0.3387053169793257,0.23272300944506932,0.14536437148731673,-0.07253789698024919,-0.09598958448128626,0.41235453061557253,-0.3507308446186995,0.5027071612917063,43
Tyler Herro,0.816,25.0,1.0,0.073,0.0,0.086,0.135,6.722006987236534,14.504689043144355,2.6314585699798387,2.695039463743835,18.77051200819674,4.2513472263221015,4.248897634782758,0.6881130874774798,0.14489522606149013,2.013374899369445,0.9938071226043756,0.4631857431051668,0.08438382667376804,0.0,0.012235654867696365,77,35.38961038961039,0.22792875010788397,-0.09659530721835671,0.1236112917921671,0.6051536657396055,0.11303603359934093,0.012516563729874369,0.22063624727220674,-0.13711446926334128,-0.9626500778634676,-0.11760393563678577,0.302564447110656,0.5615318625210429,-0.005399829766114067,-0.3507308446186995,0.49688439750601243,44
Jalen Brunson,0.853,28.0,1.0,0.007,0.0,-0.038,-0.06,8.121808159237332,16.78587689932596,2.1365203815087592,4.761588396483839,23.141725096467262,2.7127310422578907,6.034391405146638,0.7825621522884986,0.12111712082813839,2.114602488221767,1.7221156296568858,0.4839574096088013,0.16480598309114716,0.0,0.020730653778947592,65,35.4,0.32145422731887385,0.24443866374512305,0.43481185732241134,0.3732199810878232,0.1753527505329733,-0.23859690700523806,0.45081447540378705,0.006607205289135925,-1.186048703679482,-0.14284074088506946,-0.011574860932896086,-0.026403577987555014,0.42857504138948593,-0.3507308446186995,0.4790785669806735,45
Derrick White,0.914,30.0,1.0,0.063,0.0,0.028,0.044,5.011829387474163,11.177897532234637,2.9330192259934718,1.6556387323121318,14.61231673325393,4.025338356479249,4.47359388127859,0.88706361887018,1.0063906102993496,1.5155736755775844,1.7443899111427796,0.44819795173622473,0.050227026766167006,0.0,0.020979326809960296,76,33.86842105263158,-0.008040018194739228,-0.27403036863465363,-0.24144533451884131,0.6332278651562748,0.018792362729362525,-0.010691885547670811,0.2480665093344557,0.12381898510334909,0.6863311124101626,0.012762049296031988,-0.019557261276319505,-0.039686672920420614,-0.3112679242795265,-0.3507308446186995,0.4675485740387658,46
Donovan Mitchell,0.773,28.0,1.0,0.0,0.0,-0.1,-0.157,6.7031759731201594,14.81809452085263,2.5473348207854665,3.5399631589602047,19.49364992598599,3.7105474598103116,4.247410949559452,1.217545356073575,0.29752144086380183,1.8801699167928752,1.5883112881681236,0.452324827480063,0.05457598109674246,0.0,0.01890375545238417,71,31.43661971830986,0.1676946936967529,-0.28767143698381564,0.21148783035616797,0.5497858806755528,0.09943465545660031,-0.034845814530179264,0.24815391769875275,0.33887765978700035,-0.2754735379274413,-0.08248229267611328,0.03033671710081296,0.07696481484628072,-0.26360492849098327,-0.3507308446186995,0.42792731439068854,47
Dejounte Murray,0.594,28.0,1.0,0.031,0.0,-0.001,-0.002,4.241440986984512,10.089902334470347,1.1966450459270033,1.8140198185575078,11.493546838453536,3.580252804995568,4.1609586180913025,1.0704097767745062,0.21206691168660366,1.841767279539546,1.1238110779590758,0.4203960120035132,0.1396808938217804,0.01746011172772255,0.013713171750953289,31,32.645161290322584,-0.11097511094330385,-0.6573139515043589,-0.12220057777432934,-0.14098522876807326,-0.06309689486948532,-0.06580590163572127,0.16515660681186248,0.27785668657319335,-0.6274532132540448,-0.059655555458090335,0.22056158751276317,0.43697872123552384,0.3137619780774192,0.8465318510061409,0.4133609970094961,48
RJ Barrett,0.707,24.0,1.0,0.1,0.0,0.13,0.204,5.538026656735735,11.670759632590283,1.2540696948626084,2.4261086228516446,14.75623163118572,4.310989572392703,3.4676323618556673,0.5161447092403216,0.22226070667599032,1.8956347806102019,1.6468218937086594,0.47408462076613167,0.11988424968995451,0.023976849937990905,0.01973414634146341,58,32.224137931034484,0.0718966639604057,0.057553551992326965,0.05182479976050389,-0.13638492039404795,0.02463315018131573,0.015404291500848105,0.07871372500634763,-0.47073643508690133,-0.5136505238505538,-0.07213302840112101,0.011729451098811853,0.02868149840945644,0.21973313332410158,0.9652234434166105,0.3324888009181043,49
Trae Young,0.822,26.0,1.0,0.015,0.0,-0.014,-0.022,6.307739994431488,15.070023748164044,2.4782334949089244,5.308202618357852,20.401916102129753,2.4431422793799227,9.272442777734987,1.0282666330233998,0.14451760769235586,3.7394765307649864,1.6045171537956084,0.4185315370499082,0.5152591416441262,0.0,0.019121564011302935,76,36.03947368421053,0.15317910089253622,-1.029010568695042,0.44580701964404335,0.4956988071259402,0.12138548728546376,-0.27786903946747926,0.5646097928050846,0.2577850094160404,-0.9699778349843676,-0.3731833056294545,0.030280770388618178,0.0640829324870626,1.1202172612740338,-0.3507308446186995,0.2522745879237803,50
Christian Braun,0.969,23.0,1.0,0.5,0.085,0.14,0.5,5.355721155656291,9.414903373707633,1.0394761679304811,2.0100388133570277,13.760957292600093,4.816557908945097,2.371058921753929,0.9605565365703054,0.44775467529875973,0.9418979105640853,2.0150493461923653,0.569088864088582,0.08898083623693379,0.0,0.023398993902439023,79,33.860759493670884,0.03907028911589852,0.671961391381707,-0.08932193664859617,-0.32185520892030145,-0.003431269111032584,0.05756829915045854,-0.17707013497702057,0.21633109570756945,0.09929547799295829,0.32995228851863445,-0.10352859071211014,-0.16004695066552674,0.028036821486003696,-0.3507308446186995,0.2362307276999428,51
Jimmy Butler,0.696,35.0,0.975,0.009,0.0,-0.046,-0.072,4.038645862306933,8.046306680207454,0.514635250777795,4.236462398071832,12.828389373463494,3.631303192003479,3.5503224063789296,0.9268932267028147,0.2096849838311749,1.015016261072812,0.6957436753751481,0.501652420874035,0.06695164293011907,0.028693561255765315,0.03395404748598896,55,31.745454545454546,-0.15187620668394475,0.2394850801115214,0.30577233893768413,-0.8092692800095037,-0.023387677796126653,-0.040208975735293466,0.1032179471249389,0.12220400625413073,-0.6108924240499362,0.22702855487540682,0.5384376517386523,-0.5415138096955181,-0.14637527976302478,1.0176518972456459,0.23027382255463258,52
Paolo Banchero,0.702,22.0,1.0,0.044,0.0,0.034,0.053,6.061940635348883,13.379556340815956,1.2317162944646578,4.030065452553667,17.385663017716087,5.130279464390302,3.4941946929251406,0.5748394470085656,0.4224730504738632,2.108058381062567,1.4341536779598032,0.4529448182497377,0.15325214325521813,0.0,0.01706845745504992,46,34.391304347826086,0.1201297349740378,-0.2492622383091383,0.30296982892097013,-0.15175214906636586,0.06641192681856392,0.07606632793584832,0.13723126172572372,-0.34643612881663455,0.044981623106008777,-0.11334704263649682,0.08553778065653399,0.19204976554368455,0.37837239720780047,-0.3507308446186995,0.19222224344183658,53
DeMar DeRozan,0.95,35.0,0.964,0.012,0.0,-0.063,-0.099,7.471337992735535,15.622978703997939,0.9422650951669415,5.177333996845555,21.062275077483566,3.7183070869366586,4.423756199526654,0.8714447627580407,0.44240468425124424,1.3873547786037481,1.8201216478725375,0.47832161606519386,0.03310143602178484,0.0,0.0212924987210131,77,35.94805194805195,0.293124548413902,0.14321037842695705,0.47595611664835386,-0.3692160592821117,0.14774055037161843,-0.04925749234009353,0.25393915219879387,0.08820915950179359,0.0832864295552363,0.06263165882424278,-0.048398539222303257,-0.05616116547620053,-0.5194184278051922,-0.3507308446186995,0.15491546519629718,54
Mikal Bridges,1.0,28.0,1.0,0.043,0.0,-0.046,-0.073,7.075699201981314,14.996945062528784,2.287625986281276,2.002792596202193,18.441816986446096,3.738924736254857,3.6957540687880117,0.9454512163001716,0.4576199256585714,1.7741138040074191,1.4922825262139132,0.4716370405766045,0.009615384615384616,0.0,0.01755,82,37.02439024390244,0.269732017786798,0.03635739154657101,-0.0555126235541635,0.42897125489137666,0.1117544740187027,-0.04605083561136747,0.1908514428414431,0.1903765525484715,0.11833519597256813,-0.0722481889454757,0.08273574755889047,0.16067964020232753,-0.9181255905240198,-0.3507308446186995,0.14712563411342316,55
Tobias Harris,0.874,32.0,0.99,0.0,0.0,-0.069,-0.109,5.072535532678123,10.526110659895412,1.0992567317522985,1.9690768996747936,13.213404696783343,5.333793693050467,2.2590104074852393,0.8719307636528905,0.628127059367298,1.070718895752302,1.5406754033251553,0.48196236695565237,0.06331782424951084,0.0,0.018561620178744107,73,31.575342465753426,0.0015758469740001183,0.13309984416626655,-0.08314289144814603,-0.22635010591663396,-0.019385617433080694,0.08021207005554543,-0.2210887455910658,0.10979333086238702,0.3761061843344644,0.2184564461556735,0.046281016569283594,0.09752053209474816,-0.17921726324805837,-0.3507308446186995,-0.01687019704331555,56
Jaren Jackson Jr.,0.865,25.0,1.0,0.012,0.0,-0.01,-0.015,6.858722197123957,14.581431852630478,1.639795648739793,3.9355369527547555,19.292776995742464,4.83896148883386,1.84072804897689,1.0649286306364298,1.3470300875353893,1.9069347006218165,3.032946435442051,0.4703211969041588,0.06406689812016657,0.0,0.03671513764021446,74,29.824324324324323,0.193594837218148,0.015297154581937655,0.36521384649177113,0.10274242484336263,0.10371197758439465,0.05561171818235775,-0.376828084314052,0.29251397834139015,0.7892126276267214,-0.09681524320278143,-0.3415012382042793,-0.6134418505964643,-0.17307577183427889,-0.3507308446186995,-0.03449446790047195,57
Jaylen Brown,0.8,28.0,1.0,0.044,0.0,-0.0,-0.0,6.80100361486288,14.26150889777543,1.5426933418446414,2.8577060172033306,18.00240658877373,4.580980299840864,3.3382038133746694,0.9354503991258231,0.3095089370710415,1.9979103781912761,2.015892511382593,0.4765975599336494,0.08003152010796219,0.0,0.023769361472064765,63,34.25396825396825,0.2043815085877129,0.10640562210856008,0.17191273285775663,0.043317597646656124,0.09209780955514231,0.037730485628422517,0.08392397258206902,0.17671679299983545,-0.2419148649251917,-0.11774732830485796,-0.09227377051804005,-0.17714119495814273,-0.0383987124826626,-0.3507308446186995,-0.10172019384143946,58
Ja Morant,0.61,25.0,1.0,0.0,0.0,0.0,0.0,4.926829268292683,10.841463414634147,1.0731707317073171,3.2073170731707314,14.134146341463413,2.4999999999999996,4.439024390243903,0.7439024390243902,0.14634146341463414,2.25609756097561,1.3780487804878048,0.45399999999999996,0.13906718014548566,0.010697475395806589,0.016829268292682928,50,30.38,-0.019718672314252804,-0.18840910729856256,0.1763502818221102,-0.23238792586772591,0.005921714545341246,-0.19022253412450416,0.1948302780545981,-0.04629476447258771,-0.8761062547550525,-0.17914061590015115,0.09454593277340594,0.20795805402291154,0.31148782820602394,0.6154162804798547,-0.12576950482859117,59
Onyeka Okongwu,0.848,24.0,1.0,0.161,0.0,0.14,0.28,4.20932603958171,7.318666050668185,0.5041193742134595,1.7710194052256245,10.693790858602505,7.148128827530412,1.740866875711632,0.6990826047971475,0.8135057454905015,0.9520173653143164,2.278869300728111,0.5749507553381833,0.3193720304086158,0.0,0.027602003048780483,74,27.89189189189189,-0.16894978203028488,0.5453244464212299,-0.17057139785520323,-0.7901676918737415,-0.12415159519288249,0.12536895910375104,-0.45108054761313104,-0.11948349724447511,0.5910065944033948,0.2625779376293559,-0.19022024065895846,-0.3361057014823902,0.844146835600565,-0.3507308446186995,-0.3330365254114699,60
Dyson Daniels,0.899,21.0,1.0,0.5,0.085,0.14,0.5,4.884245808255645,9.972241531019172,0.8976054315116059,0.9100894181800964,11.576186466202993,5.038418678581199,3.7123418724615416,2.491491396862308,0.6085337246680276,1.6896256300111532,1.9836928715355964,0.4898272560232438,0.10968173706127306,0.0,0.022394817073170734,76,33.828947368421055,-0.024407970360082347,0.19696932062188605,-0.8430944296620916,-0.46149292630348554,-0.06843270342229033,0.062539076087351,0.1381830757536929,0.6760947887679051,0.3859456693102439,-0.04155534888852473,-0.0851864383021501,-0.11198085906749351,0.16238383827135117,-0.3507308446186995,-0.3647657518123875,61
Myles Turner,0.892,28.0,1.0,0.123,0.082,0.069,0.108,4.983123553852187,10.152454366875467,1.8000727948677704,2.4040464988590036,14.17036640143115,5.90938817260976,1.3261592138986709,0.6201062058743103,1.757474950435314,1.4648260796604937,2.360684291272057,0.4909963841015109,0.12738853934247157,0.0,0.02875796275656296,72,30.194444444444443,-0.014159542231037395,0.2121342326281346,0.07257277664333796,0.19731612415213784,0.009334089929301726,0.11382671332452407,-0.9216477162368492,-0.2908772541608873,0.873950815087885,0.026623281756770693,-0.17870677273721827,-0.3783243323347477,0.2585471732782379,-0.3507308446186995,-0.37014125551910965,62
Jalen Green,1.0,22.0,1.0,0.044,0.0,0.019,0.029,7.219001017444652,17.06791294314321,2.710194242061037,3.3727423213266627,20.520938598277002,4.7975415073709415,3.478151016023265,0.8441166442147174,0.3336156955473005,2.423440921725078,1.4966116534323948,0.423,0.043010752688172046,0.0,0.01755,82,32.890243902439025,0.23276471357380144,-1.03842793931664,0.30590321015851246,0.551550283112017,0.12194175721286589,0.06561050612100186,0.12174114844206799,0.09032364453275288,-0.18890613594769118,-0.23835676995950356,0.07860290862609819,0.1606796402217099,-0.3924873658817501,-0.3507308446186995,-0.4797912437234567,63
Devin Vassell,0.8,24.0,1.0,0.004,0.0,-0.027,-0.043,5.301657118636404,11.641939787964878,1.966419876944089,1.4721285336694474,14.041862647886344,3.1409208564691613,2.6788525632381623,0.973201365643487,0.3554361149146306,1.168837045696076,1.157217992286326,0.45545766400667964,0.025003792896066312,0.0,0.01416214829633196,64,30.984375,0.039920662774221495,-0.18171122053367214,-0.3652672410049798,0.29770477887801955,0.004965020319335441,-0.13004425023967478,-0.07647627961807257,0.19939130944001646,-0.10748664011057114,0.16908373395469903,0.2060402526805916,0.4013017791909991,-0.6406659797989871,-0.3507308446186995,-0.5339749186867744,64
P.J. Washington,0.751,26.0,1.0,0.094,0.0,0.086,0.135,3.8747455279297407,8.64645230075617,1.2457143618153141,1.6350896472469358,10.63029506492173,5.366178537037551,1.6474920477620298,0.8047686969040189,0.737981397748026,1.391785220578005,1.7307627362715392,0.4482579519547151,0.17247330615027598,0.0,0.020741147016757475,57,32.19298245614035,-0.17088057612307375,-0.21066997472048118,-0.18766479399942645,-0.1281977721600052,-0.08759253247526043,0.07316969293676412,-0.4892720078839019,0.03367447911995019,0.469412450684237,0.045720512768724936,-0.012849858921120986,-0.02696773540793911,0.45540374098471964,-0.3507308446186995,-0.5874452198155127,65
Kyrie Irving,0.648,32.0,0.996,0.02,0.0,-0.022,-0.035,5.966503772996809,12.361223384082214,1.8865201643196938,2.366734745312264,16.186262455625574,3.151568464886746,3.1212503253740294,0.8412610688228199,0.3029463350958869,1.3332621915376643,1.281891711407451,0.4827078826673632,0.0,0.0,0.015210777477975002,50,36.08,0.10929758791743534,0.1648158886203027,0.0406111132427622,0.21186559198354524,0.04708536171281626,-0.10251046894078296,0.02758326200934094,0.06613975117920201,-0.23234415870931815,0.07153892357524537,0.14954457066980967,0.3216291703687121,-1.134111041971135,-0.3507308446186995,-0.6095852929607639,66
Franz Wagner,0.77,23.0,1.0,0.104,0.0,0.112,0.175,6.5657733023719835,14.06690438439358,1.2483093524655304,3.326256007840471,17.706111965049967,4.30764146435689,3.44353697705099,0.9233692974825104,0.2774853482388379,1.6909942806356453,1.86347266707297,0.4671727360751981,0.04465306354930821,0.0,0.022414721575163988,60,33.71666666666667,0.18831472600058485,-0.032295979863297936,0.2269983215869046,-0.13823375705529037,0.08367275198553592,0.017748363543528534,0.10314704839884789,0.19050844923118232,-0.3185214665260865,-0.038550501035558876,-0.059334774205260954,-0.11295874705903886,-0.37419669101506325,-0.3507308446186995,-0.6144331006317121,67
Trey Murphy III,0.654,24.0,1.0,0.198,0.085,0.14,0.271,4.467142684137864,9.863622932157822,1.9470520987235687,2.3501523481967688,13.231489815196065,3.2911415215443114,2.1841412551166224,0.6747872211592025,0.45700922808632244,1.1382551408433645,1.2945295129217427,0.4528087163963015,0.024666359871145876,0.0,0.013824878048780485,53,34.9811320754717,-0.07738051036448472,-0.18467196924051413,0.03256150019574572,0.24451360792502688,-0.013766384071704402,-0.08673190825802883,-0.18832051202594677,-0.16694746812321123,0.11389264065907441,0.14255996529356796,0.13768251380237123,0.4280114530519981,-0.6451432757481187,-0.3507308446186995,-0.614471191522924,68
Julius Randle,0.719,30.0,1.0,0.0,0.0,-0.061,-0.096,5.36710463069816,11.218276223602125,1.1528671392745968,3.1958147021829215,15.082891102853837,5.746069881619676,3.459543272237783,0.4466583531454896,0.17584580572178293,2.235932038525692,1.8806984383977035,0.47839448619515296,0.13536549278600193,0.008460343299125121,0.022221091675152127,69,32.26086956521739,0.048875347946914734,0.10366449965254587,0.2196612322610629,-0.2006017791002257,0.035954505082495654,0.11582070135678142,0.09697825226879103,-0.7413724141990596,-0.8293018041698264,-0.154855648879091,-0.057936077118447185,-0.10340160340005296,0.2947784623811786,0.4965834457852676,-0.6751528801316651,69
Darius Garland,0.841,25.0,1.0,0.038,0.0,0.041,0.065,5.987830692014815,12.917311211273542,2.2346889036127857,2.3933534685194515,16.603703756161867,2.3481977638028093,5.619294924808979,1.0446827004273398,0.11669471772392218,2.2796622507480073,1.5367441076273458,0.46365771460556193,0.0701119670326612,0.0,0.018425424936183366,75,30.68,0.1454782465446168,-0.07935386042213699,0.04771099122869393,0.42259152108443976,0.07366781006963237,-0.34022944364496016,0.42999434409394327,0.24387129230074894,-1.2345690613662037,-0.16393773950626736,0.04601195212769911,0.1058141155388528,-0.11916245650264146,-0.3507308446186995,-0.7728431330722823,70
Kristaps Porziņģis,0.58,29.0,1.0,0.025,0.0,0.003,0.004,3.8730325946369937,7.828527063089543,1.3102235780225508,2.3780450379135,11.434333805210038,4.013345538483781,1.1904238650326555,0.42805202722017816,0.9671294039787492,0.7970092224320031,1.5973407804073811,0.4950168180281891,0.0766444942578196,0.0,0.01923722059803945,42,28.80952380952381,-0.17247699814386455,0.18970498695529545,0.04730141939851327,-0.08764592904868088,-0.06349252288872843,-0.007538779110089128,-0.7596282183023527,-0.5103515339825478,0.5402207435369726,0.3274034901343358,0.023822033388730915,0.05730619364299184,-0.06407780887145625,-0.3507308446186995,-0.8301837679095796,71
Rudy Gobert,0.898,32.0,0.996,0.012,0.0,-0.029,-0.045,4.453615053642644,6.693069942960117,0.0,2.545297064027646,11.452527171312937,10.477482393518068,1.4249031631741595,0.6616710403082677,1.539650670226543,1.219556326296424,2.4782307730606123,0.6655134755896779,0.377532149682111,0.0,0.029238871487222436,72,33.166666666666664,-0.09196748952505085,0.698518406525386,0.1120256154141182,-1.752693050785332,-0.0778830284293361,0.1434736225601882,-0.7309291350396792,-0.17117875446974465,0.9198913329040082,0.13936536848352576,-0.21601317585866875,-0.3951928399521914,0.9282694750404923,-0.3507308446186995,-0.8450444977509838,72
Brook Lopez,0.971,36.0,0.98,0.036,0.0,0.004,0.006,4.58372125707163,9.165605925917673,1.701534383215036,1.3445988964725486,12.213575793830843,4.828396935942468,1.637525712850754,0.5662747588608376,1.9522229337008599,0.9815764558213338,2.1331862713823857,0.5001578415740986,0.042771247745343445,0.0,0.025266579964964824,80,31.825,-0.07758441595509558,0.26021618903888954,-0.44545913040435803,0.14569963937655114,-0.05390169361891425,0.05983663569457058,-0.5753498289834742,-0.38369240296676466,0.9719282909560983,0.32786749441733476,-0.12705455750192957,-0.24297636780958792,-0.3964647309165877,-0.3507308446186995,-0.887665723291967,73
Andrew Wiggins,0.752,29.0,1.0,0.208,0.085,0.14,0.359,4.5654391102713845,10.175047299038132,1.529160726554449,2.313128048780488,12.973166995877706,3.3749633502232914,1.8718607437306771,0.7057664891789763,0.5976689711439369,1.192628886121608,1.309233017004466,0.4486088079419083,0.03316893830703014,0.0,0.01669060975609756,60,30.7,-0.06760516141282288,-0.2443216274709512,0.025449057454441575,0.03662459890640174,-0.02153717687803592,-0.07801723297303466,-0.39348212656595116,-0.11338980973991097,0.3411117890725277,0.1314085709784765,0.13815460969347443,0.21728137124637723,-0.5179109601828643,-0.3507308446186995,-0.8969649424905715,74
OG Anunoby,0.818,27.0,1.0,0.096,0.0,0.087,0.136,5.177856088967587,10.802617976478833,1.8266284203855732,1.7560417995422635,13.93838239786301,3.79803059067196,1.7951156100556827,1.1862737620783954,0.6812630150789315,1.1846106765762463,1.914651677971595,0.47927389246943947,0.008521859907631336,0.0,0.022947664359269662,74,36.567567567567565,0.01738224132724781,0.10845581949117283,-0.17044620490657045,0.22514761778160022,0.001377282844442879,-0.0324145835924991,-0.4282606082379597,0.30919205639636754,0.3990868875779811,0.1731501869616506,-0.07847567499101937,-0.13875987802144735,-0.9417197227587898,-0.3507308446186995,-0.9070154247465222,75
Jaden McDaniels,0.971,24.0,1.0,0.149,0.0,0.14,0.276,4.57993587336407,9.548609049672814,1.1788406640392624,1.1231481168203452,11.461860527587747,4.969253941106484,1.797295945493754,1.196541651174896,0.8037357041939324,1.1367014890690066,2.733235434637121,0.4795021196355233,0.11540690654431297,0.0,0.03278277439024391,82,31.878048780487806,-0.07772542721241557,0.09785226380187072,-0.5209323250320319,-0.20793979159250858,-0.08039041714717957,0.050551497282947784,-0.4507425130729728,0.35214487878545503,0.5866633649961062,0.20451570461821936,-0.2245170704167185,-0.5081461792186406,0.19550124691388376,-0.3507308446186995,-0.9338956119126841,76
Zach LaVine,0.699,29.0,1.0,0.061,0.0,0.035,0.056,5.516533141172304,11.206680237569294,2.052424069349033,2.3030654538159694,15.388555805509611,3.1920328013770924,2.866210995356069,0.5615815818981567,0.15092693920061725,1.7924133178058892,1.2969258384318336,0.49218711507809304,0.05312350856367241,0.0,0.015632920482574697,74,35.16216216216216,0.057655744871316396,0.24610606072498323,0.029338186455478688,0.2896468610584327,0.0345435327926872,-0.11232529148160206,-0.021068665774100947,-0.32218965345541095,-0.9656395372374823,-0.056043441158734386,0.13412693226851574,0.29093250748006805,-0.2803605872322464,-0.3507308446186995,-1.0260081953067948,77
Keegan Murray,0.932,24.0,1.0,0.034,0.0,-0.034,-0.053,4.829838869827106,10.766841192506375,2.0215225863218684,0.9443595655600608,12.62555989153614,5.752993374272828,1.4282171515145414,0.8329377294042164,0.792051176518216,0.7515163253387269,2.3623356184336637,0.4484777116327198,0.12499920270267767,0.0,0.028094138985620905,76,34.3421052631579,-0.041420253753223765,-0.2608815362024652,-0.8352832574049412,0.3178955189313653,-0.0421555049927341,0.11909070860106237,-0.8018251564601654,0.08351382166500948,0.5876794590616122,0.44093097599211983,-0.1943488639932217,-0.3543753061061087,0.24732578719255366,-0.3507308446186995,-1.0845844520878365,78
Paul George,0.664,34.0,0.988,0.021,0.0,-0.033,-0.051,4.423835574902212,9.865857091618755,1.7874203657506575,1.7021617257288841,12.337253241283964,3.4767636598481073,2.6331380409799143,1.1188831277216404,0.32316939398420685,1.5571321377126173,1.6867231798433477,0.44855167073145064,0.04575457349413661,0.0,0.020264700600553104,41,32.53658536585366,-0.08767305744168584,-0.2375499021972397,-0.16295368749681524,0.15750239814387745,-0.036166775343192056,-0.06668224813204293,-0.07980466798683349,0.3215007272833109,-0.1936150291287031,-0.0021184993953963054,-9.85719973129539e-05,-0.0010223822931281676,-0.358718904785531,-0.3507308446186995,-1.098131445389392,79
Coby White,0.925,24.0,1.0,0.015,0.0,0.005,0.007,6.3444058235325445,14.065980332840196,2.6064173926730434,3.1255614522979784,18.42079049203611,3.7011944705913193,4.353644191216202,0.772917863852561,0.2039896181558648,2.1129871732968657,2.018690994411873,0.45076359129359733,0.023718504549153415,0.0,0.024559325535420902,74,33.108108108108105,0.179792464707162,-0.29972984356648,0.23885719987567236,0.5903331287240039,0.10391335085897545,-0.04818023529794999,0.2781632618373704,-0.007339674804517103,-0.6827414288688297,-0.1380752838558385,-0.1185153438134383,-0.21251388964578352,-0.659235004785586,-0.3507308446186995,-1.1260021432539387,80
Brandon Ingram,0.78,26.0,1.0,0.0,0.0,0.0,0.0,6.097560975609756,12.402439024390244,1.048780487804878,3.0,16.243902439024392,3.951219512195122,4.426829268292683,0.6097560975609756,0.4878048780487805,1.9878048780487805,1.7682926829268293,0.492,0.0,0.0,0.022712195121951217,64,32.859375,0.14205278196565221,0.2704699295748913,0.20492067502602337,-0.2825055007358088,0.06155747670685763,-0.02098158432486993,0.24601136766035434,-0.22832481054382342,0.16057075080190933,-0.08190615363635878,-0.02546703803756327,-0.12745033384099896,-1.1379642297210497,-0.3507308446186995,-1.1697475137234843,81
Fred VanVleet,0.807,30.0,1.0,0.0,0.0,-0.1,-0.158,4.24860815402037,10.706685382598575,2.3151474314182368,1.8187714772075754,12.631135216666552,3.0206957919374195,5.445800784874904,1.194170364543628,0.48654385666145256,1.2762013911632155,1.9497898319896183,0.3969932689837783,0.046119267002124306,0.0,0.023001984417309496,60,35.18333333333333,-0.12146109072317497,-1.1579329273338421,-0.13992806294667326,0.37827329751770983,-0.02947888372933168,-0.13809764346405026,0.3143686316718252,0.37270687771586325,0.16480329870719243,0.114462793797972,-0.08634079365785913,-0.14134886986291723,-0.35200497005712367,-0.3507308446186995,-1.1727091869831088,82
Cameron Johnson,0.697,28.0,1.0,0.175,0.083,0.14,0.239,4.184743745900068,8.875671617046855,1.9006372726749743,2.24068520136871,12.510809965843821,3.019639090585419,2.263378408330492,0.6390404556790682,0.28657430178622934,1.1304384765768736,1.2701738087452699,0.4712956671441808,0.02285182556821313,0.0,0.015054782684338809,57,31.57894736842105,-0.14426814496584575,0.018327753492481936,0.010454335506984786,0.22448464968540183,-0.03567054945867161,-0.16060084990589307,-0.1928039255422815,-0.2320022289478365,-0.29135059087737564,0.14045850282149241,0.15790081479003754,0.3331680784418433,-0.6747765363725451,-0.3507308446186995,-1.1974095359509067,83
Lauri Markkanen,0.62,27.0,1.0,0.0,0.0,-0.109,-0.171,4.346600271172211,9.625700733623841,1.8951447078688206,2.4623569048051612,13.050702155018406,4.343906574168253,1.0771123245193417,0.4976519375792513,0.2576884267316715,0.8698528381770726,1.0839135659335575,0.4517460996445882,0.05964901182452945,0.0,0.012934291724030966,47,31.404255319148938,-0.12010270716302077,-0.19330590566091538,0.059390359491982445,0.21497442933873262,-0.02292070104027575,0.01671412261132861,-0.8573771735923953,-0.49361740159949674,-0.39743490683301264,0.3430505528922069,0.23469049395045857,0.5012281254545046,-0.21232494815609804,-0.3507308446186995,-1.2777665049247005,84
Payton Pritchard,0.979,27.0,1.0,0.29,0.085,0.14,0.36,4.787562072427127,10.147996096073765,2.9165326628494945,0.8211373624330754,13.312794170136824,3.6689570382212966,3.40628623215348,0.7981932257584772,0.1564142251635931,0.972864236317668,1.4176401323616896,0.47155163415229717,0.051003556910569105,0.0,0.01674548780487805,80,28.3875,-0.04184814379619764,0.023564523200327623,-0.952540315276034,0.6254772022888058,-0.01478295255800437,-0.05002583982265108,0.08152747561689395,0.029353244949884096,-0.9687771050063134,0.2862167588040885,0.12446110472364512,0.21358244974634358,-0.30191108394014926,-0.3507308446186995,-1.2964335256880606,85
Malik Monk,0.806,26.0,1.0,0.179,0.119,0.101,0.159,5.003631597652046,11.387449245104234,1.7129740695484459,1.908234978927564,13.628472243780099,2.9349171804285112,4.434474334561289,0.7172973779003792,0.46577389839224204,1.9261358947991227,1.9260083497166263,0.43954150947233717,0.04740293115127432,0.0,0.02248321024504941,65,31.6,-0.008026031359455548,-0.4096798008620933,-0.10675732901468366,0.1301400394268867,-0.006395871090005894,-0.1702468517260445,0.2073390584753581,-0.10262867693123356,0.1298673522264833,-0.09625273093491638,-0.0795670623144865,-0.11631559913639214,-0.34310716167829064,-0.3507308446186995,-1.3223615095375734,86
John Collins,0.569,27.0,1.0,0.121,0.0,0.138,0.216,3.8250222851986453,7.24021992191033,0.810644694578659,1.7994331288587866,10.260122393834736,4.688139879222865,1.0205497653073274,0.5024062779407271,0.5549392544106636,1.3116997907054695,1.6373135107586445,0.5280226706337068,0.16433006394568503,0.0,0.01953947664184943,40,30.5,-0.176731220275481,0.35411021793176983,-0.1519965411773113,-0.43565962895769844,-0.10997116285996086,0.030722943558933898,-0.7829436816205073,-0.4914479365275363,0.2372631859094677,0.07012034976178831,0.014119601126910531,0.03980099572805351,0.4177158681566016,-0.3507308446186995,-1.3356278538636692,87
Bilal Coulibaly,0.727,20.0,1.0,0.244,0.085,0.14,0.294,3.0792864032756544,7.281667749365145,0.7704448906474537,1.6042453591606134,8.533263056359377,3.5215728656075913,2.274142601232308,0.9154001063013051,0.5123882359888975,1.4594661312230555,1.6925911927400143,0.42243735498839907,0.0346109175377468,0.011536972512582268,0.020278536585365853,59,33.016949152542374,-0.3452477684952651,-0.443199590477611,-0.25923561968976766,-0.48750117226599543,-0.17523690752036147,-0.062103729198720585,-0.1830819594281125,0.1557814102912165,0.20462840039345487,0.03234068979223101,-0.0018707607708704956,-0.0017854404545481419,-0.4994123269960025,0.6532982057224276,-1.4126265690979252,88
Aaron Gordon,0.724,29.0,1.0,0.086,0.0,-0.004,-0.006,3.821485143641015,7.069252039055805,0.8111186831527413,1.9426286587402795,10.39671762917505,3.945971032038079,2.4181282519665914,0.4130571842919956,0.29242840985080176,1.037713385695541,1.2560289091745556,0.5405135339861029,0.05243765725772759,0.0,0.014870795221718965,51,28.372549019607842,-0.20998939197985234,0.39941758353533485,-0.07106148071706471,-0.4464664558133331,-0.10888871540797196,-0.012204961379034276,-0.13152905046991384,-0.7387757766259979,-0.28546264902845253,0.21460073377036767,0.16710919522054987,0.34691582319063635,-0.28431114445605143,-0.3507308446186995,-1.5113771347794827,89
Jakob Poeltl,0.679,29.0,1.0,0.124,0.08,0.109,0.171,4.147517317559087,6.571025034244422,0.009697814746830036,1.0899034469873814,9.394635896852385,6.389677780037188,1.8534472367991157,0.7285733932750261,0.880754536133576,1.2711962008634703,2.083647549089295,0.6312190858252077,0.2738827352435266,0.0,0.024961672490095014,57,29.57894736842105,-0.1405742986073557,0.628024490789423,-0.5526076329033792,-1.7237539841877574,-0.1587875761771198,0.1026712133205948,-0.43185588695566984,-0.07319944025338962,0.5819056578192431,0.0900350641717008,-0.08094512462817727,-0.2299797587048299,0.743244078843385,-0.3507308446186995,-1.5965540420920319,90
Kelly Oubre Jr.,0.757,29.0,1.0,0.124,0.082,0.03,0.047,4.370779016736583,9.464452099814034,0.9561677590358385,1.8025681823131765,11.500293974822183,4.4225148974413795,1.3006124264729968,1.0815153327375526,0.4166527214503922,0.999031902186052,2.242706818059237,0.46213676260902936,0.11650949597648252,0.0,0.0269224317827657,60,34.63333333333333,-0.13556772803366823,-0.07425988491791305,-0.14224057271671284,-0.3321175033674151,-0.08270676983140555,0.022182159328740406,-0.7462318816759729,0.18804345468890538,0.02915402929901418,0.25294025874506465,-0.15143986556469471,-0.31012952283231865,0.2001143927040371,-0.3507308446186995,-1.6329902787930384,91
CJ McCollum,0.735,33.0,0.985,0.005,0.0,-0.055,-0.086,5.5562956928350795,12.34873243916757,2.3879041208106817,1.4566527512537735,14.957148257734614,2.911859534928768,3.1120603999024734,0.6315516959377689,0.37029956061733665,1.3003373306945247,1.5085168968437266,0.45004221090562935,0.0,0.0,0.018140114791249357,56,32.714285714285715,0.06385846697366615,-0.2751064307389731,-0.33018300080874136,0.4625430942194996,0.024802318759199554,-0.23769356964615862,0.03441228075318136,-0.19681568523406562,-0.0759448579650494,0.08957325223254013,0.06486775058042164,0.12339644332912095,-1.142504536378602,-0.3507308446186995,-1.74552531854266,92
Draymond Green,0.778,34.0,0.988,0.075,0.0,0.051,0.081,2.48810071065827,5.573999992840535,0.8423040014259393,1.0164388751201103,6.83494429786259,4.96518004681505,4.4297117242530755,1.0056683107713271,0.7477552143273914,1.9408729104250593,2.4251255134363263,0.44602965427958935,0.06256348223647198,0.008937640319495996,0.02882389003037459,68,29.16176470588235,-0.7261422876165019,-0.1516073784154536,-0.7369010861753933,-0.44380991321594554,-0.359063176296821,0.052614180699992213,0.19575335517413958,0.20079325351893662,0.4852783143605778,-0.10431277547709081,-0.18660103928835542,-0.38066038441459565,-0.18514816044532414,0.524357104085064,-1.8154499935067716,93
Toumani Camara,0.937,24.0,1.0,0.361,0.085,0.14,0.425,3.743065129991959,8.186819619404984,1.494265344411686,1.0793031358885017,10.059698740284107,5.281260787992495,1.9607225944786917,1.3163998927901366,0.576548914500134,1.2810806754221387,2.6966797105333686,0.45714100732086516,0.05642080517190714,0.0,0.030907317073170723,78,32.666666666666664,-0.2910732869848949,-0.11032326923089947,-0.6059378647862564,0.018453758444384516,-0.15193299473787586,0.08360911912348126,-0.3964163714113117,0.5132891897488832,0.31972960823415986,0.1230990638892449,-0.2725470236784925,-0.4507543627383044,-0.2462323099690671,-0.3507308446186995,-1.8177675887156481,94
Bradley Beal,0.646,31.0,1.0,0.001,0.0,-0.054,-0.085,4.374692486237906,8.677864382138658,1.2386719573660412,1.3362329329757971,11.32428986281765,2.4462130765750594,2.7441824965722486,0.6759341832206365,0.3362329329757971,1.3746924862379062,1.611462250440711,0.504088202994828,0.011339323919554984,0.0,0.019584146341463417,53,32.113207547169814,-0.09330932052233362,0.27407773158833626,-0.28246898435553897,-0.13586059949477652,-0.07341756313867927,-0.24255727373046795,-0.04803106454644532,-0.12330813368541456,-0.16633077627736778,0.04962327334484115,0.02240015439807692,0.03723883354162876,-0.8810500628403964,-0.3507308446186995,-2.013724630337237,95
Jrue Holiday,0.795,34.0,0.963,0.0,0.0,-0.085,-0.133,3.3847010782829994,7.34116505797205,1.4251843697416857,0.7735095159649871,8.96809604227267,3.6724270669083805,3.294747930809852,0.751902872594871,0.45068028926480475,1.1467676792427959,1.2253890546908521,0.46071672782233,0.010493276281720585,0.0,0.014707376036459576,62,30.580645161290324,-0.3860495901862249,-0.06913006092045178,-0.8599030021631764,-0.025641948720170046,-0.220728529975701,-0.0426516900962431,0.06309135151669183,-0.03034799052020581,0.09682905174586588,0.1440237362110478,0.17635142355579728,0.35925372307292747,-0.8935668278879667,-0.3507308446186995,-2.039201198986509,96
Norman Powell,0.761,31.0,1.0,0.283,0.085,0.14,0.375,5.4869011553273435,11.341039794608474,2.180528883183569,2.5110192554557123,15.665350449293967,2.3411681643132223,1.4707188703465985,0.8515584082156611,0.13006675224646988,1.2634197689345317,1.4347394094993584,0.48420341676599127,0.010717966334592925,0.0,0.017007804878048784,60,32.63333333333333,0.04933914599115709,0.16690939734823226,0.07475949209481787,0.3586407394937868,0.034853117292471376,-0.3109793462299337,-0.5820488627527275,0.1007155721081884,-1.084202723953888,0.09356686436404814,0.07721375790322224,0.19606295692609263,-0.8966239548479881,-0.3507308446186995,-2.07252468888122,97
Jordan Poole,0.864,25.0,1.0,0.063,0.0,0.091,0.144,5.698174038689342,13.344816637908494,2.7166383964681033,2.8054723013455196,16.91845877519231,2.5133623336438493,3.834918447697955,1.0527979879875067,0.3242475100996768,2.4470780359619484,2.5956742027666766,0.42669604425896956,0.011833635268971463,0.0,0.03148752840544272,68,29.426470588235293,0.09404280138319324,-0.7333480836398286,0.14691987702295595,0.5585899594441437,0.06881338052789078,-0.29463813902110525,0.1733749445301405,0.23969912872032006,-0.20639959807653852,-0.19548653323268933,-0.23379395843942927,-0.4690566859499168,-0.8719522250431735,-0.3507308446186995,-2.0739659763927367,98
LaMelo Ball,0.5,23.0,1.0,0.022,0.0,-0.001,-0.002,4.258911485387154,10.2725727962868,1.7863282251688086,2.0502797092634273,12.354430905206543,2.505756261404408,3.8009619928836207,0.7004025743567661,0.12046321923849267,1.8179066248251243,1.7173472062982693,0.4148617870365221,0.12745098039215685,0.0,0.020475,47,32.02127659574468,-0.0882933887939535,-0.7649725104718719,-0.03644817394181158,0.16117993499645233,-0.029395836741545014,-0.16318166162662315,0.11242274479340347,-0.0764969635704522,-1.074963332720807,-0.05248830151105904,-0.006780492029790825,-0.012558061735862349,0.25401957512580015,-0.3507308446186995,-2.1286873128468202,99
Isaiah Hartenstein,0.731,26.0,1.0,0.161,0.099,0.115,0.18,3.3680911607294073,5.732667378584934,0.0015749711377034895,1.0237101924361909,7.76146748503271,7.551385223953325,2.649342153091948,0.6420573575764298,0.8000887563423716,1.1780328984710569,2.1682112267891087,0.5873175584627118,0.26963059368847025,0.0,0.025644478788099535,57,27.894736842105264,-0.3411115215851712,0.4550630190483549,-0.6621229451484794,-1.7374131451428394,-0.29788432423186567,0.11219201832583256,-0.07785514143618971,-0.2197909564373659,0.5078998099647579,0.14835162371179436,-0.1583192267593201,-0.2588043792970762,0.7335305482169532,-0.3507308446186995,-2.1469954653893133,100
Ayo Dosunmu,0.68,25.0,1.0,0.079,0.0,0.05,0.078,3.2517741805734115,6.570461953702877,0.9646438186182684,0.86572608038029,8.333918260145383,2.2343461416973343,2.7788002717858538,0.6267478086657922,0.28428112591831034,0.987917232539918,1.5302953771958976,0.49486530432647446,0.013876462995988383,0.013876462995988383,0.01846055254671315,46,30.304347826086957,-0.3332751629786982,0.1589174182347092,-0.8787482386577223,-0.3001000355259168,-0.1993108705511133,-0.310665899589117,-0.032745498360177074,-0.23057475133602623,-0.321369204055489,0.21476021930149763,0.06427378390478719,0.10366892026766696,-0.8335361698339532,0.7432740793002575,-2.155431409879295,101
Chris Paul,0.904,39.0,0.98,0.07,0.0,0.046,0.073,2.839572481994467,6.571586274668682,1.406728626015149,0.83221869067365,7.918092280677733,3.2757694994625677,6.359757702093891,1.0982557908842232,0.18965556079920046,1.3169193972827238,1.6370573014284717,0.4319929026917696,0.12504577856213622,0.0,0.019530587539173652,82,27.951219512195124,-0.5802063812725955,-0.3068160660348042,-0.9228956186882845,-0.040370982031361025,-0.2882899162291879,-0.11428926254547152,0.4405600085955319,0.3488231822609007,-0.7551379901208723,0.07255754440607627,0.019823018107007352,0.040311615848958114,0.24758615401256306,-0.3507308446186995,-2.189075538310239,102
Bennedict Mathurin,0.844,22.0,1.0,0.134,0.089,0.069,0.109,4.50581151704789,9.883328531912108,1.1473598235472053,3.1032007138105246,13.262183571453512,4.240073236414421,1.6170086121391594,0.539818274947442,0.2636391720775963,1.5395852032519814,1.8493635543785036,0.4555027667213793,0.07747848793374748,0.0,0.02214593446772949,72,29.84722222222222,-0.0972197352643926,-0.1531057219099322,0.19080021844108042,-0.21949008908987439,-0.018110049533027157,0.0081366716147335,-0.5188823908045301,-0.43025742036090153,-0.4150881836152662,0.0038905574807047167,-0.0494403346129593,-0.0996652546825288,-0.05846913115133509,-0.3507308446186995,-2.2076317081069283,103
Collin Sexton,0.842,26.0,1.0,0.039,0.0,-0.026,-0.04,5.517903206339222,11.428432544283117,1.4340031075863084,3.1119323471318516,15.581741867396603,2.2552320873337917,3.769196074939681,0.6442984791244837,0.12583617375990555,1.9942801885128238,1.8186217922476757,0.4827476937182232,0.024393206469426332,0.0,0.022091097608874222,63,27.904761904761905,0.06014855103851351,0.15294816766578467,0.20106965034512914,-0.020601912854058643,0.04043321023042229,-0.38440224001797096,0.15290748139985066,-0.2118262780561375,-1.124247795408923,-0.10588434727853517,-0.037892208566886035,-0.09692959722784662,-0.6488980370501056,-0.3507308446186995,-2.3739062003994627,104
Dennis Schröder,0.94,31.0,1.0,0.0,0.0,-0.039,-0.062,4.4278294009552726,10.582317340653223,1.603889404783443,2.1949461859058004,12.654494392599789,2.6312474840632065,5.340684404657377,0.7910892003151067,0.17082714940581886,1.787001185512664,2.1194606493188357,0.41836536451025247,0.07740325175623325,0.0,0.0258001624514616,75,28.066666666666666,-0.11481085589219812,-0.7239877797887202,-0.0029944556582052447,0.08982378702579348,-0.03857195565790114,-0.25825626747422115,0.3295750260285775,0.017826490057167434,-0.8296352568886104,-0.06431993504975032,-0.12686660622723236,-0.26523659535016064,-0.058770214867867696,-0.3507308446186995,-2.396955464362028,105
Kyle Kuzma,0.635,29.0,1.0,0.0,0.0,-0.14,-0.279,4.5096772809101475,9.798933286743745,1.1810606758789992,1.512464043395629,11.712879281094922,3.893113259687468,2.063531981047408,0.32208447273255203,0.3408102023281597,1.577806231918488,1.3396797522700876,0.46000649399546256,0.050785365853658546,0.0,0.014854719512195124,33,31.78787878787879,-0.06914566416165453,-0.10010510537967786,-0.2279613692709555,-0.1629693777070872,-0.05093064756075658,-0.016400574888548035,-0.20172221465137127,-1.2503127375856438,-0.15505157871312225,-0.0070217536050570925,0.1223474780902295,0.34812418794715433,-0.3001026362490233,-0.3507308446186995,-2.4219828383542126,106
Walker Kessler,0.718,23.0,1.0,0.286,0.085,0.14,0.266,3.3119446160113544,4.999913070332211,0.06989421257359126,0.925885460470984,7.619668905067283,8.252141866852396,1.1221001103868797,0.42946626629520607,1.7119437946804037,1.0164073670100926,1.5906932033221193,0.661939377520454,0.31425304878048776,0.0,0.018639695121951218,58,30.0,-0.38410229505065563,0.5169089680116066,-0.8662902624309138,-1.4641453561091313,-0.2997602266730969,0.11636942153895671,-0.9981731599222579,-0.7506386598229186,0.8825262768134032,0.22113240878139784,0.031945311853911605,0.092794824543859,0.8220438022338743,-0.3507308446186995,-2.430119790850664,107
Saddiq Bey,0.768,24.0,1.0,0.0,0.0,0.0,0.0,3.536585365853658,8.5,1.378048780487805,2.073170731707317,10.524390243902438,5.01219512195122,1.121951219512195,0.6219512195121951,0.13414634146341464,0.6585365853658537,1.0731707317073171,0.41600000000000004,0.10476718403547672,0.0,0.012907317073170731,63,32.73015873015873,-0.4062311403408374,-0.6144393148464004,-0.049250448414026336,-0.056786232316835564,-0.14686133860300868,0.09605149675441801,-1.134855580427661,-0.24248218162365195,-1.1010369461778686,0.5602465107293698,0.31365592529794123,0.5035085764207764,0.13228373759577364,-0.3507308446186995,-2.49692778057071,108
Jabari Smith Jr.,0.802,21.0,1.0,0.0,0.0,-0.086,-0.136,3.720133312115296,8.345694614962035,1.4146752791518749,1.518581766732228,10.373523670114695,6.023428815905749,1.0439349450792872,0.44268383680298445,0.6077562103415206,0.8956703376336166,1.9060598087124268,0.4457774572761049,0.0943587058275997,0.0,0.022617781786875648,57,30.105263157894736,-0.3324742634343124,-0.22976445461095177,-0.30582356002839994,-0.03668082108487874,-0.15559939797715114,0.09309643051968061,-1.0391280742282138,-0.7236914360302188,0.34190102516212106,0.300142970073974,-0.05545383687737705,-0.12287578604645218,0.06493510227955447,-0.3507308446186995,-2.5521469469013245,109
Deandre Ayton,0.561,26.0,1.0,0.012,0.0,-0.025,-0.039,3.971592022837856,6.9931932402288375,0.054578378135035174,0.6017167362488766,8.599479160059625,5.900485905572778,0.9056601663145285,0.4892670556443555,0.49951479464704507,0.9844426715758677,1.1851379056586058,0.5677469179644614,0.26090259769593127,0.0,0.014303984918679433,40,30.15,-0.14748651632534676,0.4980025847888605,-1.0968198548330648,-1.5443714409713614,-0.16969835356649884,0.06820253678163747,-1.1943124970290837,-0.5006393064976224,0.17774949525375955,0.24909471475166958,0.17575399134882638,0.39023050459471237,0.7125361352127949,-0.3507308446186995,-2.732488851109416,110
Shaedon Sharpe,0.693,21.0,1.0,0.022,0.0,-0.004,-0.006,4.428441797436271,10.163821956780133,1.371492806164864,1.9405422138219512,12.168918614859356,3.2507220579934986,1.9555408193963708,0.6005666261257917,0.1941760019705474,1.4879379670599242,1.4399021356969348,0.4358758225306274,0.028883139123482705,0.0,0.01757250184272688,72,31.27777777777778,-0.0836547300216929,-0.4188465956080911,-0.08902013640490464,-0.05052587619180629,-0.039263146130874185,-0.10071176979981195,-0.32966584065371907,-0.3060345873136028,-0.7032412528166154,0.016819905293755627,0.08168885808576683,0.15923484127193901,-0.5803635444368141,-0.3507308446186995,-2.7943147193451705,111
Rui Hachimura,0.741,26.0,1.0,0.154,0.103,0.073,0.115,3.7366465187551214,7.264108575605087,1.2392234491756302,1.0904438745983065,9.80296036128418,3.6069732487130945,1.011112119264676,0.5418633711574717,0.3159230559607335,0.5929719352062953,1.2759266111765857,0.5146569868254284,0.010902470369314785,0.0,0.01501270169854646,59,31.677966101694917,-0.2414533071496992,0.2870363108086357,-0.5716627047646377,-0.14269497946210438,-0.14370840530293996,-0.04856855556555896,-1.178589465375579,-0.433313269886716,-0.23296647659546854,0.6450685359752655,0.15991369591434618,0.3362991552331647,-0.8899130788994036,-0.3507308446186995,-2.805283389689395,112
Kentavious Caldwell-Pope,0.934,31.0,1.0,0.0,0.0,-0.074,-0.117,3.08588292122737,6.871794530961062,1.4443491912386146,1.1049256757503003,8.721040709443656,2.138345253775261,1.918055105943521,1.2018479434653997,0.4588131068441641,0.8278918523969843,1.7414093916675437,0.44890239753817734,0.0,0.0,0.021004738117788874,77,29.5974025974026,-0.5017961743532814,-0.16159776253462127,-0.5401257578289037,-0.01378112312579401,-0.22801141384565576,-0.4970283280324378,-0.41282816615296103,0.39500653762940874,0.11943791793881745,0.46247669708441874,-0.017752930668718362,-0.04103392591484373,-1.1432857621866879,-0.3507308446186995,-2.931051036609959,113
Brandon Miller,0.5,22.0,1.0,0.157,0.0,0.14,0.277,3.5608108108108105,8.675461711711712,1.7654954954954956,1.1903941441441441,10.077511261261261,2.356002252252252,1.6662049549549551,0.5156306306306306,0.35002252252252253,1.2862612612612612,1.3404954954954955,0.41033404769847653,0.03125,0.0,0.01575,27,34.22222222222222,-0.2266522796367124,-0.715837348272361,-0.5344852722230539,0.13302286276904962,-0.10000496924700941,-0.2624816407431136,-0.36952416251107634,-0.3450430551656975,-0.127220519812494,0.060424335037082715,0.13055051520775407,0.2825534696707252,-0.5471210875064964,-0.3507308446186995,-2.9725499970521025,114
Jerami Grant,0.608,30.0,1.0,0.01,0.0,-0.036,-0.057,3.4050158233025156,8.311566709183902,1.33713076104196,2.2557683124209436,10.402930720067932,2.126835245106833,1.4737732648780726,0.5208713799663999,0.5079962316910928,1.0326964993322116,1.3725503340921954,0.40996057242701145,0.0,0.0,0.01651492793876161,47,32.42553191489362,-0.2388382157129433,-0.6912867400958238,0.011679105249701956,-0.07318438554537568,-0.08644073823409393,-0.28893233953180636,-0.4831875749459255,-0.33442055810520177,0.17204271234422347,0.17188514684231473,0.12847939235066017,0.22920227211806643,-1.1424571183086714,-0.3507308446186995,-2.976189886193574,115
Keyonte George,0.832,21.0,1.0,0.207,0.085,0.14,0.259,4.318621623589371,11.05252129595923,2.080484819803422,2.7728873680378596,13.490615435020022,3.0205127047688394,4.530173207135057,0.5452524208227157,0.10660749908991628,2.2436484164543136,1.3225884237349836,0.391,0.04435772357723578,0.0,0.015095487804878049,67,31.47761194029851,-0.14290983946740107,-1.3419077263254469,0.16175194407098362,0.345192449395924,-0.01273218239828732,-0.16296998734278625,0.27350442364530303,-0.5157310810614669,-1.1899125619077495,-0.17418377308569805,0.15958733475760947,0.33014681606236373,-0.3783638528329637,-0.3507308446186995,-2.999258881108316,116
Anfernee Simons,0.733,25.0,1.0,0.0,0.0,-0.036,-0.057,5.314276982482447,12.425535927424875,2.3486951642947402,2.1479066656407917,15.125155794900428,2.2604705551961013,3.7501466857211487,0.5208176554825221,0.0636166244682181,1.707978939566345,1.3640599605404709,0.42776655384094303,0.020655841156658312,0.0,0.016278868415562416,70,32.74285714285714,0.0329453191970589,-0.6627572911747978,-0.01658867593325676,0.42478972706084267,0.027390830835878184,-0.4250236288591339,0.14582561336902714,-0.4394008352769945,-1.7541845197239834,-0.04418357743294367,0.11423727525006441,0.24541304237922026,-0.7095791527467368,-0.3507308446186995,-3.4118467176744547,117
Jalen Suggs,0.541,23.0,1.0,0.119,0.0,0.14,0.22,2.901516794425088,6.903921533101045,1.1590256445993032,1.3481768641114984,8.310236097560976,2.0572309407665506,1.8744947735191637,0.7834150522648085,0.4702893379790941,1.431103275261324,1.5076146341463414,0.42070305893108834,0.0,0.0,0.01794951219512195,35,28.62857142857143,-0.49822627570897837,-0.44455518469570826,-0.33974193547957887,-0.20233051033951735,-0.2226009580011843,-0.3146764694535534,-0.3200100902193826,0.005985898088407798,0.13373092177881882,0.03846692399314567,0.04931483063315,0.13530190057157562,-1.1432857621866879,-0.3507308446186995,-3.473357555638192,118
Grant Williams,0.927,25.0,1.0,0.0,0.0,0.0,0.0,3.3658536585365857,7.378048780487805,1.5365853658536586,1.2926829268292683,9.560975609756099,3.8780487804878048,2.1219512195121952,0.5365853658536586,0.475609756097561,1.329268292682927,2.75609756097561,0.456,0.0,0.0,0.032670731707317074,76,28.026315789473685,-0.2949086743172004,-0.11004894213692654,-0.35187366053853597,0.042587810921463146,-0.1350794064168647,-0.024010133315456466,-0.2220893973297873,-0.3855619182131418,0.15272850920715295,0.07479851081051705,-0.2824747166644438,-0.5048579895452723,-1.1325683561364777,-0.3507308446186995,-3.524089208293673,119
Luguentz Dort,0.899,25.0,1.0,0.053,0.0,0.04,0.062,3.268805833274648,7.494286045797507,2.025028589290752,0.7659240222956795,9.328564278135728,3.5479208318848983,1.3983754354207905,0.9391574493667484,0.507342557322721,0.711286991026802,2.6193449605215324,0.43600344710670735,0.0,0.0,0.031270551478544024,71,29.197183098591548,-0.4724634523208992,-0.3044213591350903,-0.8202459488370905,0.3045902217608121,-0.199353344812655,-0.06903788832823961,-0.7825428270154966,0.18357654687936606,0.2134966936791073,0.5344207189861256,-0.2486339162614678,-0.46227141400778543,-1.1432857621866879,-0.3507308446186995,-3.6169025762187004,120
Bub Carrington,1.0,19.0,1.0,0.0,0.0,0.0,0.0,3.658536585365854,9.121951219512194,1.6829268292682926,0.8414634146341463,9.841463414634147,4.158536585365853,4.439024390243903,0.6585365853658537,0.25609756097560976,1.7195121951219512,2.317073170731707,0.401,0.056818181818181816,0.0,0.027600000000000003,82,29.975609756097562,-0.32663410928240455,-0.9111035522278134,-0.7862530587097623,0.13850414407126593,-0.18871113378357934,0.003259524973514448,0.24965264047115057,-0.21287093424962134,-0.4497533559952793,-0.06789037789394467,-0.19995693801245443,-0.3360304250031651,-0.2425420111820857,-0.3507308446186995,-3.6810604314428788,121
Jaden Ivey,0.539,22.0,1.0,0.083,0.0,0.072,0.113,3.266535759284636,7.2416698772183565,1.0528404748806355,1.5471641243865115,9.133076117836419,2.114557716258475,2.1197756373480776,0.471936848802615,0.22488345611408922,1.5188018444212223,1.2727228740339467,0.45116249041151885,0.0,0.0,0.015212294305980126,30,29.933333333333334,-0.2955987854644318,-0.14897528488959694,-0.23529386953830073,-0.2240099295155222,-0.14007943428773179,-0.2832283904664356,-0.20516647019963874,-0.6623653152178997,-0.5361788330053484,0.0076656816165412,0.12985608423728442,0.3215174940433583,-1.141984176047864,-0.3507308446186995,-3.764572073354285,122
Andrew Nembhard,0.799,25.0,1.0,0.157,0.105,0.096,0.151,3.0396736371058424,6.540315180087096,0.6425922199673277,1.1885677434143145,7.910507237593327,2.481475865808226,3.882662854524095,0.93096247812654,0.12395616957866899,1.3437487825408205,1.805329857318096,0.46453151683242705,0.026056065904904866,0.0,0.021334706762936105,65,28.93846153846154,-0.4089018017756106,-0.033703900434920823,-0.530974595171314,-0.5984224532650613,-0.2387850783569473,-0.25409183939242785,0.15507862335659728,0.1651943728310379,-1.1445170002976284,0.06823768433481708,-0.03302783676255544,-0.05836018539467946,-0.6203380603667737,-0.3507308446186995,-3.883342915314166,123
Cam Thomas,0.5,23.0,1.0,0.054,0.0,0.042,0.066,3.9816156414515778,9.058390795585149,1.2703318994374375,2.4956084823019684,11.72917166464256,1.6470748683873782,1.7382274626240561,0.3136319747476869,0.06706199431392658,1.139830230002182,0.9351337645350892,0.43932654171886304,0.017241379310344827,0.0,0.011474999999999999,25,31.24,-0.15965988738442016,-0.3297174598572878,0.06620661523268988,-0.11221463221525702,-0.055711182380620554,-0.4249247089366506,-0.3402674791590648,-1.0775775953402897,-1.6430491791219837,0.14431232661130425,0.3204094931589316,0.6302354327159538,-0.7697333983087166,-0.3507308446186995,-4.10242249960411,124
Tim Hardaway Jr.,0.95,32.0,0.989,0.027,0.0,-0.077,-0.121,3.9526679628360073,9.793314947059939,2.257528879967107,1.6031594185453852,11.766024224184507,2.5889982143382775,1.5695912275721113,0.4798436796801947,0.0790538250438485,0.6918621145616028,1.2116706988952686,0.403856647028991,0.0,0.0,0.013951409008740877,77,27.961038961038962,-0.17788860244034496,-0.9226537985017365,-0.23144734640268366,0.36643888834602567,-0.0521116332732453,-0.24368868144113415,-0.6401597601003717,-0.5990636164343525,-1.591646148270014,0.48073098708870227,0.19308504966829584,0.41792714459078156,-1.1432857621866879,-0.3507308446186995,-4.494494123975464,125
Dillon Brooks,0.903,29.0,1.0,0.065,0.0,0.058,0.091,4.465679191571495,10.413026190449141,2.0581345495969616,1.3072705651350325,12.296763497874982,3.23942915821731,1.5257129463717474,0.7478943356921202,0.17130819751876236,0.9749323569827566,2.948304464865972,0.42870640821907646,0.0,0.0,0.03508241658931298,75,31.84,-0.11068825376807796,-0.5394689320273904,-0.3621318376900334,0.3353237030040479,-0.05167953597760451,-0.10780748412628524,-0.6993932493627444,-0.041733910576896335,-0.8472152587211943,0.22883817140892862,-0.2856727074379259,-0.5720006838590627,-1.1419868568564087,-0.3507308446186995,-4.5463476806093475,126
Herbert Jones,0.5,26.0,1.0,0.065,0.0,0.0,0.001,1.8947196985570267,4.13829847183238,0.6249348545167017,0.8535935629076888,5.267967814538444,1.8898549194010683,1.5066818086578393,0.8372473414212309,0.29352595248566804,0.776401507214866,1.5839390098339603,0.45771488280413497,0.0,0.0,0.018899999999999997,20,32.4,-0.9517631420612515,-0.053062922044697335,-0.7255509136851291,-0.6486520981329436,-0.44398464669120735,-0.45068539013014003,-0.5057756904931593,0.06579700014783404,-0.2510340029676566,0.39303551638926754,0.027282094902234915,0.07718830608997314,-1.1432857621866879,-0.3507308446186995,-4.9612224954822635,127
Gradey Dick,0.67,21.0,1.0,0.363,0.085,0.14,0.411,3.10907825203252,7.563318089430894,1.3486951219512193,1.475282520325203,9.042134146341462,2.254892276422764,1.14660162601626,0.5627621951219511,0.10873373983739835,0.9583943089430892,1.4102530487804874,0.411477193557641,0.0,0.0,0.015566158536585365,54,29.38888888888889,-0.3281880548350505,-0.6009113198618578,-0.26488507275214235,-0.06800464512164887,-0.13938963162892504,-0.26923328596722057,-0.793643316414156,-0.37606799152680803,-1.2733579713021221,0.24356802253423843,0.09589443153154184,0.2957363921730633,-1.1432857621866879,-0.3507308446186995,-4.972499049976475,128
Bojan Bogdanović,0.5,34.0,0.988,0.0,0.0,0.0,0.0,3.5109285714285714,7.498214285714286,1.5172857142857143,1.4290714285714285,9.968214285714286,1.6584285714285714,1.2526428571428572,0.40578571428571425,0.07057142857142856,1.1115,1.005642857142857,0.4680000000000001,0.008098360655737706,0.0,0.0247,28,32.892857142857146,-0.23311064722024433,-0.010502971560482003,-0.29259493540481224,0.02989077529962086,-0.10334319134392247,-0.3995998378775546,-0.704040776876031,-0.6527371884667097,-1.605739914366259,0.15033808418368802,0.237721494415395,-0.21866193538808285,-0.9503858057172548,-0.3507308446186995,-5.103497694941349,129
Dorian Finney-Smith,0.653,31.0,1.0,0.018,0.0,-0.045,-0.071,1.9403860052359365,4.4889713385123775,1.1932450693770182,0.26505297687973295,5.339070056728624,2.6508785060652587,0.9505824747307262,0.5777423463044714,0.25003171961302717,0.5722483675467666,1.3263439611697978,0.43235829450283264,0.0,0.0,0.01722686487290784,43,28.813953488372093,-0.9957781737751098,-0.2062119297951621,-1.5302131898527516,-0.15101693380349357,-0.4567317026788127,-0.19423757687096457,-1.0331437259949077,-0.3443051869961081,-0.4275539256553887,0.629408218311814,0.09961505409182157,0.18163434701124512,-1.1432857621866879,-0.3507308446186995,-5.922551332813205,130
