PLAYER_NAME,RANK,ACTUAL_RANK,delta,MISS_BUCKET,GP_FACTOR,PTS,REB,AST,DD,TD,TECH,TOTAL_VALUE
Devin Booker,32,124,-92,category-weight distortion,0.836,21.849837053204986,3.392454043548677,5.523277970363419,0.06549043812645547,0.0,0.02689065985246938,1.377797284729056
Jabari Smith Jr.,63,117,-54,trend overprojection,0.897,13.541004073711427,6.305614163565232,1.5463914800032905,0.15649365041798272,0.0,0.02616323445148002,-0.9553087446559032
Chet Holmgren,62,12,50,unclear/other,0.734,12.191955244075434,6.2296649654747265,1.4200825665364283,0.23365424369209953,0.0,0.020444078739505305,-0.9498096158307503
Miles Bridges,37,86,-49,unclassified (healthy overrate),0.857,16.362876859728598,5.789176733367686,2.9643698299130357,0.10206808537237412,0.0,0.016873079329077913,0.7789471130273058
Joel Embiid,52,98,-46,availability miss,0.5,14.78932857158676,4.267559852108759,2.334039705554316,0.13191090035622927,0.01014699233509456,0.01404,-0.30056831272808543
Immanuel Quickley,78,34,44,unclear/other,0.751,12.46946907161446,2.9572303729427585,4.312903568105524,0.09014926942027018,0.0,0.017128361189851338,-1.8078903792217376
Collin Gillespie,89,48,41,breakout/role growth,0.89,10.845121951219513,3.532317073170732,3.988414634146342,0.02998766785420663,0.0,0.013558024390243905,-2.4705468191588706
Pascal Siakam,30,65,-35,unclassified (healthy overrate),0.847,18.883165404020602,5.6968032964589375,3.1958378947212567,0.12493102771632927,0.0,0.024399484927270138,1.5977911055421887
Dyson Daniels,61,28,33,breakout/role growth,0.902,10.510216559543155,5.696140790494196,4.717087132588631,0.16107874058267488,0.021477165411023316,0.02305616661204175,-0.9254881099088073
Jaylen Brown,21,53,-32,unclassified (healthy overrate),0.839,22.017474593139365,5.383760656028375,3.964964826209701,0.13932213602747914,0.02985474343445982,0.026085132456229232,2.544845487711057
