SEASON,SOURCE_BATCH,SOURCE_ORDER,RANK,PLAYER_NAME,RAW_OCR_NAME,TEAM_TEXT,REVIEW_STATUS,CORRECTED_PLAYER_NAME,CORRECTED_RANK,ROW_CONFIDENCE,REVIEW_NOTES,OCR_CONFIDENCE
2025-26,yahoo_screenshot_2025_26_total,1,1,Nikola Jokić,Nikola Jokić,,approved,,,1.0,"Vision-transcribed from Yahoo Fantasy players list, Stats=Season(total), sorted by Current rank",
2025-26,yahoo_screenshot_2025_26_total,2,2,Victor Wembanyama,Victor Wembanyama,,approved,,,1.0,"Vision-transcribed from Yahoo Fantasy players list, Stats=Season(total), sorted by Current rank",
2025-26,yahoo_screenshot_2025_26_total,3,3,Shai Gilgeous-Alexander,Shai Gilgeous-Alexander,,approved,,,1.0,"Vision-transcribed from Yahoo Fantasy players list, Stats=Season(total), sorted by Current rank",
2025-26,yahoo_screenshot_2025_26_total,4,4,Jalen Johnson,Jalen Johnson,,approved,,,1.0,"Vision-transcribed from Yahoo Fantasy players list, Stats=Season(total), sorted by Current rank",
2025-26,yahoo_screenshot_2025_26_total,5,5,Luka Dončić,Luka Dončić,,approved,,,1.0,"Vision-transcribed from Yahoo Fantasy players list, Stats=Season(total), sorted by Current rank",
2025-26,yahoo_screenshot_2025_26_total,6,6,Kawhi Leonard,Kawhi Leonard,,approved,,,1.0,"Vision-transcribed from Yahoo Fantasy players list, Stats=Season(total), sorted by Current rank",
2025-26,yahoo_screenshot_2025_26_total,7,7,Jamal Murray,Jamal Murray,,approved,,,1.0,"Vision-transcribed from Yahoo Fantasy players list, Stats=Season(total), sorted by Current rank",
2025-26,yahoo_screenshot_2025_26_total,8,8,Tyrese Maxey,Tyrese Maxey,,approved,,,1.0,"Vision-transcribed from Yahoo Fantasy players list, Stats=Season(total), sorted by Current rank",
2025-26,yahoo_screenshot_2025_26_total,9,9,Scottie Barnes,Scottie Barnes,,approved,,,1.0,"Vision-transcribed from Yahoo Fantasy players list, Stats=Season(total), sorted by Current rank",
2025-26,yahoo_screenshot_2025_26_total,10,10,Bam Adebayo,Bam Adebayo,,approved,,,1.0,"Vision-transcribed from Yahoo Fantasy players list, Stats=Season(total), sorted by Current rank",
2025-26,yahoo_screenshot_2025_26_total,11,11,James Harden,James Harden,,approved,,,1.0,"Vision-transcribed from Yahoo Fantasy players list, Stats=Season(total), sorted by Current rank",
2025-26,yahoo_screenshot_2025_26_total,12,12,Chet Holmgren,Chet Holmgren,,approved,,,1.0,"Vision-transcribed from Yahoo Fantasy players list, Stats=Season(total), sorted by Current rank",
2025-26,yahoo_screenshot_2025_26_total,13,13,Donovan Mitchell,Donovan Mitchell,,approved,,,1.0,"Vision-transcribed from Yahoo Fantasy players list, Stats=Season(total), sorted by Current rank",
2025-26,yahoo_screenshot_2025_26_total,14,14,Evan Mobley,Evan Mobley,,approved,,,1.0,"Vision-transcribed from Yahoo Fantasy players list, Stats=Season(total), sorted by Current rank",
2025-26,yahoo_screenshot_2025_26_total,15,15,Alperen Şengün,Alperen Şengün,,approved,,,1.0,"Vision-transcribed from Yahoo Fantasy players list, Stats=Season(total), sorted by Current rank",
2025-26,yahoo_screenshot_2025_26_total,16,16,Paolo Banchero,Paolo Banchero,,approved,,,1.0,"Vision-transcribed from Yahoo Fantasy players list, Stats=Season(total), sorted by Current rank",
2025-26,yahoo_screenshot_2025_26_total,17,17,Kevin Durant,Kevin Durant,,approved,,,1.0,"Vision-transcribed from Yahoo Fantasy players list, Stats=Season(total), sorted by Current rank",
2025-26,yahoo_screenshot_2025_26_total,18,18,Jalen Brunson,Jalen Brunson,,approved,,,1.0,"Vision-transcribed from Yahoo Fantasy players list, Stats=Season(total), sorted by Current rank",
2025-26,yahoo_screenshot_2025_26_total,19,19,Deni Avdija,Deni Avdija,,approved,,,1.0,"Vision-transcribed from Yahoo Fantasy players list, Stats=Season(total), sorted by Current rank",
2025-26,yahoo_screenshot_2025_26_total,20,20,Cade Cunningham,Cade Cunningham,,approved,,,1.0,"Vision-transcribed from Yahoo Fantasy players list, Stats=Season(total), sorted by Current rank",
2025-26,yahoo_screenshot_2025_26_total,21,21,Donovan Clingan,Donovan Clingan,,approved,,,1.0,"Vision-transcribed from Yahoo Fantasy players list, Stats=Season(total), sorted by Current rank",
2025-26,yahoo_screenshot_2025_26_total,22,22,Karl-Anthony Towns,Karl-Anthony Towns,,approved,,,1.0,"Vision-transcribed from Yahoo Fantasy players list, Stats=Season(total), sorted by Current rank",
2025-26,yahoo_screenshot_2025_26_total,23,23,LeBron James,LeBron James,,approved,,,1.0,"Vision-transcribed from Yahoo Fantasy players list, Stats=Season(total), sorted by Current rank",
2025-26,yahoo_screenshot_2025_26_total,24,24,Amen Thompson,Amen Thompson,,approved,,,1.0,"Vision-transcribed from Yahoo Fantasy players list, Stats=Season(total), sorted by Current rank",
2025-26,yahoo_screenshot_2025_26_total,25,25,N. Alexander-Walker,N. Alexander-Walker,,approved,,,1.0,"Vision-transcribed from Yahoo Fantasy players list, Stats=Season(total), sorted by Current rank",
2025-26,yahoo_screenshot_2025_26_total,26,26,Kel'el Ware,Kel'el Ware,,approved,,,1.0,"Vision-transcribed from Yahoo Fantasy players list, Stats=Season(total), sorted by Current rank",
2025-26,yahoo_screenshot_2025_26_total,27,27,Dyson Daniels,Dyson Daniels,,approved,,,1.0,"Vision-transcribed from Yahoo Fantasy players list, Stats=Season(total), sorted by Current rank",
2025-26,yahoo_screenshot_2025_26_total,28,28,Cooper Flagg,Cooper Flagg,,approved,,,1.0,"Vision-transcribed from Yahoo Fantasy players list, Stats=Season(total), sorted by Current rank",
2025-26,yahoo_screenshot_2025_26_total,29,29,Mikal Bridges,Mikal Bridges,,approved,,,1.0,"Vision-transcribed from Yahoo Fantasy players list, Stats=Season(total), sorted by Current rank",
2025-26,yahoo_screenshot_2025_26_total,30,30,Brandon Ingram,Brandon Ingram,,approved,,,1.0,"Vision-transcribed from Yahoo Fantasy players list, Stats=Season(total), sorted by Current rank",
2025-26,yahoo_screenshot_2025_26_total,31,31,Jalen Duren,Jalen Duren,,approved,,,1.0,"Vision-transcribed from Yahoo Fantasy players list, Stats=Season(total), sorted by Current rank",
2025-26,yahoo_screenshot_2025_26_total,32,32,Anthony Edwards,Anthony Edwards,,approved,,,1.0,"Vision-transcribed from Yahoo Fantasy players list, Stats=Season(total), sorted by Current rank",
2025-26,yahoo_screenshot_2025_26_total,33,33,Josh Giddey,Josh Giddey,,approved,,,1.0,"Vision-transcribed from Yahoo Fantasy players list, Stats=Season(total), sorted by Current rank",
2025-26,yahoo_screenshot_2025_26_total,34,34,Payton Pritchard,Payton Pritchard,,approved,,,1.0,"Vision-transcribed from Yahoo Fantasy players list, Stats=Season(total), sorted by Current rank",
2025-26,yahoo_screenshot_2025_26_total,35,35,Kon Knueppel,Kon Knueppel,,approved,,,1.0,"Vision-transcribed from Yahoo Fantasy players list, Stats=Season(total), sorted by Current rank",
2025-26,yahoo_screenshot_2025_26_total,36,36,Saddiq Bey,Saddiq Bey,,approved,,,1.0,"Vision-transcribed from Yahoo Fantasy players list, Stats=Season(total), sorted by Current rank",
2025-26,yahoo_screenshot_2025_26_total,37,37,Derrick White,Derrick White,,approved,,,1.0,"Vision-transcribed from Yahoo Fantasy players list, Stats=Season(total), sorted by Current rank",
2025-26,yahoo_screenshot_2025_26_total,38,38,Jarrett Allen,Jarrett Allen,,approved,,,1.0,"Vision-transcribed from Yahoo Fantasy players list, Stats=Season(total), sorted by Current rank",
2025-26,yahoo_screenshot_2025_26_total,39,39,Immanuel Quickley,Immanuel Quickley,,approved,,,1.0,"Vision-transcribed from Yahoo Fantasy players list, Stats=Season(total), sorted by Current rank",
2025-26,yahoo_screenshot_2025_26_total,40,40,Julius Randle,Julius Randle,,approved,,,1.0,"Vision-transcribed from Yahoo Fantasy players list, Stats=Season(total), sorted by Current rank",
2025-26,yahoo_screenshot_2025_26_total,41,41,De'Aaron Fox,De'Aaron Fox,,approved,,,1.0,"Vision-transcribed from Yahoo Fantasy players list, Stats=Season(total), sorted by Current rank",
2025-26,yahoo_screenshot_2025_26_total,42,42,Matas Buzelis,Matas Buzelis,,approved,,,1.0,"Vision-transcribed from Yahoo Fantasy players list, Stats=Season(total), sorted by Current rank",
2025-26,yahoo_screenshot_2025_26_total,43,43,Brandin Podziemski,Brandin Podziemski,,approved,,,1.0,"Vision-transcribed from Yahoo Fantasy players list, Stats=Season(total), sorted by Current rank",
2025-26,yahoo_screenshot_2025_26_total,44,44,Giannis Antetokounmpo,Giannis Antetokounmpo,,approved,,,1.0,"Vision-transcribed from Yahoo Fantasy players list, Stats=Season(total), sorted by Current rank",
2025-26,yahoo_screenshot_2025_26_total,45,45,Nikola Vučević,Nikola Vučević,,approved,,,1.0,"Vision-transcribed from Yahoo Fantasy players list, Stats=Season(total), sorted by Current rank",
2025-26,yahoo_screenshot_2025_26_total,46,46,Trey Murphy III,Trey Murphy III,,approved,,,1.0,"Vision-transcribed from Yahoo Fantasy players list, Stats=Season(total), sorted by Current rank",
2025-26,yahoo_screenshot_2025_26_total,47,47,Onyeka Okongwu,Onyeka Okongwu,,approved,,,1.0,"Vision-transcribed from Yahoo Fantasy players list, Stats=Season(total), sorted by Current rank",
2025-26,yahoo_screenshot_2025_26_total,48,48,Zion Williamson,Zion Williamson,,approved,,,1.0,"Vision-transcribed from Yahoo Fantasy players list, Stats=Season(total), sorted by Current rank",
2025-26,yahoo_screenshot_2025_26_total,49,49,OG Anunoby,OG Anunoby,,approved,,,1.0,"Vision-transcribed from Yahoo Fantasy players list, Stats=Season(total), sorted by Current rank",
2025-26,yahoo_screenshot_2025_26_total,50,50,Collin Gillespie,Collin Gillespie,,approved,,,1.0,"Vision-transcribed from Yahoo Fantasy players list, Stats=Season(total), sorted by Current rank",
2025-26,yahoo_screenshot_2025_26_total,51,51,Tre Jones,Tre Jones,,approved,,,1.0,"Vision-transcribed from Yahoo Fantasy players list, Stats=Season(total), sorted by Current rank",
2025-26,yahoo_screenshot_2025_26_total,52,52,Jaylen Brown,Jaylen Brown,,approved,,,1.0,"Vision-transcribed from Yahoo Fantasy players list, Stats=Season(total), sorted by Current rank",
2025-26,yahoo_screenshot_2025_26_total,53,53,Andrew Wiggins,Andrew Wiggins,,approved,,,1.0,"Vision-transcribed from Yahoo Fantasy players list, Stats=Season(total), sorted by Current rank",
2025-26,yahoo_screenshot_2025_26_total,54,54,Neemias Queta,Neemias Queta,,approved,,,1.0,"Vision-transcribed from Yahoo Fantasy players list, Stats=Season(total), sorted by Current rank",
2025-26,yahoo_screenshot_2025_26_total,55,55,Michael Porter Jr.,Michael Porter Jr.,,approved,,,1.0,"Vision-transcribed from Yahoo Fantasy players list, Stats=Season(total), sorted by Current rank",
2025-26,yahoo_screenshot_2025_26_total,56,56,CJ McCollum,CJ McCollum,,approved,,,1.0,"Vision-transcribed from Yahoo Fantasy players list, Stats=Season(total), sorted by Current rank",
2025-26,yahoo_screenshot_2025_26_total,57,57,Austin Reaves,Austin Reaves,,approved,,,1.0,"Vision-transcribed from Yahoo Fantasy players list, Stats=Season(total), sorted by Current rank",
2025-26,yahoo_screenshot_2025_26_total,58,58,VJ Edgecombe,VJ Edgecombe,,approved,,,1.0,"Vision-transcribed from Yahoo Fantasy players list, Stats=Season(total), sorted by Current rank",
2025-26,yahoo_screenshot_2025_26_total,59,59,Julian Champagnie,Julian Champagnie,,approved,,,1.0,"Vision-transcribed from Yahoo Fantasy players list, Stats=Season(total), sorted by Current rank",
2025-26,yahoo_screenshot_2025_26_total,60,60,LaMelo Ball,LaMelo Ball,,approved,,,1.0,"Vision-transcribed from Yahoo Fantasy players list, Stats=Season(total), sorted by Current rank",
2025-26,yahoo_screenshot_2025_26_total,61,61,Lauri Markkanen,Lauri Markkanen,,approved,,,1.0,"Vision-transcribed from Yahoo Fantasy players list, Stats=Season(total), sorted by Current rank",
2025-26,yahoo_screenshot_2025_26_total,62,62,Maxime Raynaud,Maxime Raynaud,,approved,,,1.0,"Vision-transcribed from Yahoo Fantasy players list, Stats=Season(total), sorted by Current rank",
2025-26,yahoo_screenshot_2025_26_total,63,63,Jaime Jaquez Jr.,Jaime Jaquez Jr.,,approved,,,1.0,"Vision-transcribed from Yahoo Fantasy players list, Stats=Season(total), sorted by Current rank",
2025-26,yahoo_screenshot_2025_26_total,64,64,Reed Sheppard,Reed Sheppard,,approved,,,1.0,"Vision-transcribed from Yahoo Fantasy players list, Stats=Season(total), sorted by Current rank",
2025-26,yahoo_screenshot_2025_26_total,65,65,Stephon Castle,Stephon Castle,,approved,,,1.0,"Vision-transcribed from Yahoo Fantasy players list, Stats=Season(total), sorted by Current rank",
2025-26,yahoo_screenshot_2025_26_total,66,66,Pascal Siakam,Pascal Siakam,,approved,,,1.0,"Vision-transcribed from Yahoo Fantasy players list, Stats=Season(total), sorted by Current rank",
2025-26,yahoo_screenshot_2025_26_total,67,67,Keldon Johnson,Keldon Johnson,,approved,,,1.0,"Vision-transcribed from Yahoo Fantasy players list, Stats=Season(total), sorted by Current rank",
2025-26,yahoo_screenshot_2025_26_total,68,68,Myles Turner,Myles Turner,,approved,,,1.0,"Vision-transcribed from Yahoo Fantasy players list, Stats=Season(total), sorted by Current rank",
2025-26,yahoo_screenshot_2025_26_total,69,69,Keyonte George,Keyonte George,,approved,,,1.0,"Vision-transcribed from Yahoo Fantasy players list, Stats=Season(total), sorted by Current rank",
2025-26,yahoo_screenshot_2025_26_total,70,70,Ivica Zubac,Ivica Zubac,,approved,,,1.0,"Vision-transcribed from Yahoo Fantasy players list, Stats=Season(total), sorted by Current rank",
2025-26,yahoo_screenshot_2025_26_total,71,71,Sandro Mamukelashvili,Sandro Mamukelashvili,,approved,,,1.0,"Vision-transcribed from Yahoo Fantasy players list, Stats=Season(total), sorted by Current rank",
2025-26,yahoo_screenshot_2025_26_total,72,72,Nic Claxton,Nic Claxton,,approved,,,1.0,"Vision-transcribed from Yahoo Fantasy players list, Stats=Season(total), sorted by Current rank",
2025-26,yahoo_screenshot_2025_26_total,73,73,Miles Bridges,Miles Bridges,,approved,,,1.0,"Vision-transcribed from Yahoo Fantasy players list, Stats=Season(total), sorted by Current rank",
2025-26,yahoo_screenshot_2025_26_total,74,74,Devin Vassell,Devin Vassell,,approved,,,1.0,"Vision-transcribed from Yahoo Fantasy players list, Stats=Season(total), sorted by Current rank",
2025-26,yahoo_screenshot_2025_26_total,75,75,Ryan Rollins,Ryan Rollins,,approved,,,1.0,"Vision-transcribed from Yahoo Fantasy players list, Stats=Season(total), sorted by Current rank",
2025-26,yahoo_screenshot_2025_26_total,76,76,Stephen Curry,Stephen Curry,,approved,,,1.0,"Vision-transcribed from Yahoo Fantasy players list, Stats=Season(total), sorted by Current rank",
2025-26,yahoo_screenshot_2025_26_total,77,77,Precious Achiuwa,Precious Achiuwa,,approved,,,1.0,"Vision-transcribed from Yahoo Fantasy players list, Stats=Season(total), sorted by Current rank",
2025-26,yahoo_screenshot_2025_26_total,78,78,Deandre Ayton,Deandre Ayton,,approved,,,1.0,"Vision-transcribed from Yahoo Fantasy players list, Stats=Season(total), sorted by Current rank",
2025-26,yahoo_screenshot_2025_26_total,79,79,DeMar DeRozan,DeMar DeRozan,,approved,,,1.0,"Vision-transcribed from Yahoo Fantasy players list, Stats=Season(total), sorted by Current rank",
2025-26,yahoo_screenshot_2025_26_total,80,80,Mark Williams,Mark Williams,,approved,,,1.0,"Vision-transcribed from Yahoo Fantasy players list, Stats=Season(total), sorted by Current rank",
2025-26,yahoo_screenshot_2025_26_total,81,81,Jimmy Butler III,Jimmy Butler III,,approved,,,1.0,"Vision-transcribed from Yahoo Fantasy players list, Stats=Season(total), sorted by Current rank",
2025-26,yahoo_screenshot_2025_26_total,82,82,Ryan Kalkbrenner,Ryan Kalkbrenner,,approved,,,1.0,"Vision-transcribed from Yahoo Fantasy players list, Stats=Season(total), sorted by Current rank",
2025-26,yahoo_screenshot_2025_26_total,83,83,Cason Wallace,Cason Wallace,,approved,,,1.0,"Vision-transcribed from Yahoo Fantasy players list, Stats=Season(total), sorted by Current rank",
2025-26,yahoo_screenshot_2025_26_total,84,84,Max Christie,Max Christie,,approved,,,1.0,"Vision-transcribed from Yahoo Fantasy players list, Stats=Season(total), sorted by Current rank",
2025-26,yahoo_screenshot_2025_26_total,85,85,Josh Hart,Josh Hart,,approved,,,1.0,"Vision-transcribed from Yahoo Fantasy players list, Stats=Season(total), sorted by Current rank",
2025-26,yahoo_screenshot_2025_26_total,86,86,Brandon Miller,Brandon Miller,,approved,,,1.0,"Vision-transcribed from Yahoo Fantasy players list, Stats=Season(total), sorted by Current rank",
2025-26,yahoo_screenshot_2025_26_total,87,87,Norman Powell,Norman Powell,,approved,,,1.0,"Vision-transcribed from Yahoo Fantasy players list, Stats=Season(total), sorted by Current rank",
2025-26,yahoo_screenshot_2025_26_total,88,88,Alex Sarr,Alex Sarr,,approved,,,1.0,"Vision-transcribed from Yahoo Fantasy players list, Stats=Season(total), sorted by Current rank",
2025-26,yahoo_screenshot_2025_26_total,89,89,Kevin Porter Jr.,Kevin Porter Jr.,,approved,,,1.0,"Vision-transcribed from Yahoo Fantasy players list, Stats=Season(total), sorted by Current rank",
2025-26,yahoo_screenshot_2025_26_total,90,90,Robert Williams III,Robert Williams III,,approved,,,1.0,"Vision-transcribed from Yahoo Fantasy players list, Stats=Season(total), sorted by Current rank",
2025-26,yahoo_screenshot_2025_26_total,91,91,Joel Embiid,Joel Embiid,,approved,,,1.0,"Vision-transcribed from Yahoo Fantasy players list, Stats=Season(total), sorted by Current rank",
2025-26,yahoo_screenshot_2025_26_total,92,92,John Collins,John Collins,,approved,,,1.0,"Vision-transcribed from Yahoo Fantasy players list, Stats=Season(total), sorted by Current rank",
2025-26,yahoo_screenshot_2025_26_total,93,93,Toumani Camara,Toumani Camara,,approved,,,1.0,"Vision-transcribed from Yahoo Fantasy players list, Stats=Season(total), sorted by Current rank",
2025-26,yahoo_screenshot_2025_26_total,94,94,Andrew Nembhard,Andrew Nembhard,,approved,,,1.0,"Vision-transcribed from Yahoo Fantasy players list, Stats=Season(total), sorted by Current rank",
2025-26,yahoo_screenshot_2025_26_total,95,95,Rudy Gobert,Rudy Gobert,,approved,,,1.0,"Vision-transcribed from Yahoo Fantasy players list, Stats=Season(total), sorted by Current rank",
2025-26,yahoo_screenshot_2025_26_total,96,96,Jarace Walker,Jarace Walker,,approved,,,1.0,"Vision-transcribed from Yahoo Fantasy players list, Stats=Season(total), sorted by Current rank",
2025-26,yahoo_screenshot_2025_26_total,97,97,Moussa Diabaté,Moussa Diabaté,,approved,,,1.0,"Vision-transcribed from Yahoo Fantasy players list, Stats=Season(total), sorted by Current rank",
2025-26,yahoo_screenshot_2025_26_total,98,98,Cedric Coward,Cedric Coward,,approved,,,1.0,"Vision-transcribed from Yahoo Fantasy players list, Stats=Season(total), sorted by Current rank",
2025-26,yahoo_screenshot_2025_26_total,99,99,Brandon Williams,Brandon Williams,,approved,,,1.0,"Vision-transcribed from Yahoo Fantasy players list, Stats=Season(total), sorted by Current rank",
2025-26,yahoo_screenshot_2025_26_total,100,100,Cam Spencer,Cam Spencer,,approved,,,1.0,"Vision-transcribed from Yahoo Fantasy players list, Stats=Season(total), sorted by Current rank",
2025-26,yahoo_screenshot_2025_26_total,101,101,Peyton Watson,Peyton Watson,,approved,,,1.0,"Vision-transcribed from Yahoo Fantasy players list, Stats=Season(total), sorted by Current rank",
2025-26,yahoo_screenshot_2025_26_total,102,102,Ayo Dosunmu,Ayo Dosunmu,,approved,,,1.0,"Vision-transcribed from Yahoo Fantasy players list, Stats=Season(total), sorted by Current rank",
2025-26,yahoo_screenshot_2025_26_total,103,103,Naji Marshall,Naji Marshall,,approved,,,1.0,"Vision-transcribed from Yahoo Fantasy players list, Stats=Season(total), sorted by Current rank",
2025-26,yahoo_screenshot_2025_26_total,104,104,Tristan da Silva,Tristan da Silva,,approved,,,1.0,"Vision-transcribed from Yahoo Fantasy players list, Stats=Season(total), sorted by Current rank",
2025-26,yahoo_screenshot_2025_26_total,105,105,Jeremiah Fears,Jeremiah Fears,,approved,,,1.0,"Vision-transcribed from Yahoo Fantasy players list, Stats=Season(total), sorted by Current rank",
2025-26,yahoo_screenshot_2025_26_total,106,106,Jrue Holiday,Jrue Holiday,,approved,,,1.0,"Vision-transcribed from Yahoo Fantasy players list, Stats=Season(total), sorted by Current rank",
2025-26,yahoo_screenshot_2025_26_total,107,107,Harrison Barnes,Harrison Barnes,,approved,,,1.0,"Vision-transcribed from Yahoo Fantasy players list, Stats=Season(total), sorted by Current rank",
2025-26,yahoo_screenshot_2025_26_total,108,108,Quentin Grimes,Quentin Grimes,,approved,,,1.0,"Vision-transcribed from Yahoo Fantasy players list, Stats=Season(total), sorted by Current rank",
2025-26,yahoo_screenshot_2025_26_total,109,109,Jabari Smith Jr.,Jabari Smith Jr.,,approved,,,1.0,"Vision-transcribed from Yahoo Fantasy players list, Stats=Season(total), sorted by Current rank",
2025-26,yahoo_screenshot_2025_26_total,110,110,Marvin Bagley III,Marvin Bagley III,,approved,,,1.0,"Vision-transcribed from Yahoo Fantasy players list, Stats=Season(total), sorted by Current rank",
2025-26,yahoo_screenshot_2025_26_total,111,111,Mitchell Robinson,Mitchell Robinson,,approved,,,1.0,"Vision-transcribed from Yahoo Fantasy players list, Stats=Season(total), sorted by Current rank",
2025-26,yahoo_screenshot_2025_26_total,112,112,Anthony Black,Anthony Black,,approved,,,1.0,"Vision-transcribed from Yahoo Fantasy players list, Stats=Season(total), sorted by Current rank",
2025-26,yahoo_screenshot_2025_26_total,113,113,Wendell Carter Jr.,Wendell Carter Jr.,,approved,,,1.0,"Vision-transcribed from Yahoo Fantasy players list, Stats=Season(total), sorted by Current rank",
2025-26,yahoo_screenshot_2025_26_total,114,114,Donte DiVincenzo,Donte DiVincenzo,,approved,,,1.0,"Vision-transcribed from Yahoo Fantasy players list, Stats=Season(total), sorted by Current rank",
2025-26,yahoo_screenshot_2025_26_total,115,115,Tobias Harris,Tobias Harris,,approved,,,1.0,"Vision-transcribed from Yahoo Fantasy players list, Stats=Season(total), sorted by Current rank",
2025-26,yahoo_screenshot_2025_26_total,116,116,Rui Hachimura,Rui Hachimura,,approved,,,1.0,"Vision-transcribed from Yahoo Fantasy players list, Stats=Season(total), sorted by Current rank",
2025-26,yahoo_screenshot_2025_26_total,117,117,Tim Hardaway Jr.,Tim Hardaway Jr.,,approved,,,1.0,"Vision-transcribed from Yahoo Fantasy players list, Stats=Season(total), sorted by Current rank",
2025-26,yahoo_screenshot_2025_26_total,118,118,Kyle Filipowski,Kyle Filipowski,,approved,,,1.0,"Vision-transcribed from Yahoo Fantasy players list, Stats=Season(total), sorted by Current rank",
2025-26,yahoo_screenshot_2025_26_total,119,119,Devin Booker,Devin Booker,,approved,,,1.0,"Vision-transcribed from Yahoo Fantasy players list, Stats=Season(total), sorted by Current rank",
2025-26,yahoo_screenshot_2025_26_total,120,120,Isaiah Joe,Isaiah Joe,,approved,,,1.0,"Vision-transcribed from Yahoo Fantasy players list, Stats=Season(total), sorted by Current rank",
2025-26,yahoo_screenshot_2025_26_total,121,121,Jaden McDaniels,Jaden McDaniels,,approved,,,1.0,"Vision-transcribed from Yahoo Fantasy players list, Stats=Season(total), sorted by Current rank",
2025-26,yahoo_screenshot_2025_26_total,122,122,Ajay Mitchell,Ajay Mitchell,,approved,,,1.0,"Vision-transcribed from Yahoo Fantasy players list, Stats=Season(total), sorted by Current rank",
2025-26,yahoo_screenshot_2025_26_total,123,123,Derik Queen,Derik Queen,,approved,,,1.0,"Vision-transcribed from Yahoo Fantasy players list, Stats=Season(total), sorted by Current rank",
2025-26,yahoo_screenshot_2025_26_total,124,124,Jake LaRavia,Jake LaRavia,,approved,,,1.0,"Vision-transcribed from Yahoo Fantasy players list, Stats=Season(total), sorted by Current rank",
2025-26,yahoo_screenshot_2025_26_total,125,125,Sam Hauser,Sam Hauser,,approved,,,1.0,"Vision-transcribed from Yahoo Fantasy players list, Stats=Season(total), sorted by Current rank",
