PLAYER_NAME,RANK,ACTUAL_RANK,delta,MISS_BUCKET,DD,TD,DD_G,TD_G,MILESTONE_G_SUM,MILESTONE_ABS_SHARE,MILESTONE_DOMINANT,TOTAL_VALUE
Devin Booker,39,119,-80,aging/decline,0.1806141422726606,0.0,0.48770247510901554,-0.35074462488494834,0.1369578502240672,0.2241667282808166,DD,0.6109642196878491
Joel Embiid,17,91,-74,availability miss,0.18421052631578946,0.02631578947368421,0.4811226400651444,0.9934830014087392,1.4746056414738837,0.5954061132978403,TD,2.476638396113076
Saddiq Bey,108,36,72,unclear/other,0.10476718403547672,0.0,0.13204228059666853,-0.35074462488494834,-0.2187023442882798,0.08771930576025616,TD,-2.4932065113010666
Josh Hart,20,85,-65,category-weight distortion,0.38290343774187446,0.09572585943546862,0.9493409226056473,1.1470091909780307,2.0963501135836777,1.0212249073553108,mixed,2.052780047259759
Tobias Harris,56,115,-59,aging/decline,0.06331782424951084,0.0,-0.17939131920358126,-0.35074462488494834,-0.5301359440885296,34.73777320021181,TD,-0.015261080237730873
Stephen Curry,25,76,-51,aging/decline,0.10029884804746388,0.0,0.10404225427377232,-0.35074462488494834,-0.246702370611176,0.14923237169985035,TD,1.653142463669787
Brandon Ingram,81,30,51,breakout/role growth,0.0,0.0,-1.1379958940569983,-0.35074462488494834,-1.4887405189419467,1.2749110990541606,DD,-1.1677210434879917
Payton Pritchard,85,34,51,breakout/role growth,0.051009908536585366,0.0,-0.3019938183374932,-0.35074462488494834,-0.6527384432224416,0.5003808740497654,mixed,-1.3044831988472914
Miles Bridges,23,73,-50,aging/decline,0.16531269009905597,0.011808049292789712,0.4266270140697673,0.6645027712546555,1.0911297853244228,0.6361574430403117,TD,1.7151882718053502
Keyonte George,116,69,47,breakout/role growth,0.04445467199083462,0.0,-0.3773636255574926,-0.35074462488494834,-0.728108250442441,0.2416892975177843,mixed,-3.0125796132485525
