PLAYER_NAME,RANK,ACTUAL_RANK,delta,BREAKOUT_AVAILABILITY_LABEL,DIAGNOSTIC_REASON,MISS_BUCKET,DISTORTION_FAMILY,GP,MIN,GP_FACTOR,PTS,REB,AST,3PTM,ST,BLK,ROLE_SIGNAL_SCORE,AVAILABILITY_SIGNAL,TOTAL_VALUE
Jalen Williams,74,27,47,availability undertrust,availability=low; GP_FACTOR=0.68,unclear/other,,33,28.363636363636363,0.679,13.427484810350329,3.2231077872846376,3.4114102123695424,0.9764867105572616,0.9235744945260824,0.3848485376026514,1.0,low,-1.6583479193199782
LaMelo Ball,65,18,47,availability undertrust,availability=low; GP_FACTOR=0.64,unclear/other,,72,28.01388888888889,0.642,14.086000160955285,3.134901437406339,4.67637270997866,2.3956483050337414,0.8006022582484732,0.15605185370290928,2.5,low,-1.143449129007335
Anthony Davis,49,6,43,availability undertrust,availability=very_low; GP_FACTOR=0.54,unclear/other,,20,31.3,0.538,12.514817114810826,6.237861103354555,1.775325201616943,0.27659033850665704,0.6090571153829061,1.1194848569954465,4.0,very_low,-0.17441907935355483
Jaren Jackson Jr.,71,29,42,availability undertrust,availability=low; GP_FACTOR=0.74,category-weight distortion,unclassified (category-weight distortion),48,30.291666666666668,0.737,15.651628054915518,4.140850661744986,1.520423995565592,1.3586767619947842,0.8731787435487254,1.114729377836619,3.0,low,-1.4377736635668539
Chet Holmgren,62,30,32,availability undertrust,availability=low; GP_FACTOR=0.73,unclear/other,,69,28.942028985507246,0.734,12.191955244075434,6.2296649654747265,1.4200825665364283,1.0101580811852302,0.4739801234847695,1.5194252889623683,3.0,low,-0.943358029023746
Stephen Curry,41,15,26,availability undertrust,availability=low; GP_FACTOR=0.71,unclear/other,,43,30.906976744186046,0.708,17.870243035043604,2.8720728134405507,3.6916762422120444,3.1475789645951995,0.715186897416997,0.27991059210038116,2.5,low,0.4457413363168729
Trey Murphy III,52,28,24,availability undertrust,availability=low; GP_FACTOR=0.75,unclear/other,,66,35.46969696969697,0.748,15.279536500617896,4.078208429069004,2.6121654870662043,2.3525719190436742,0.9830285453940155,0.34551533559445036,2.5,low,-0.2986816799613937
Devin Booker,32,11,21,role-growth underreaction,role_score=3.5; MIN=33.5,breakout/role growth,,64,33.53125,0.836,21.849837053204986,3.4194728081005623,5.523277970363419,1.8177191842348421,0.7142729183626156,0.2385196037088025,3.5,normal,1.3921965970120191
Derrick White,39,21,18,role-growth underreaction,role_score=4.5; MIN=34.1,breakout/role growth,,77,34.09090909090909,0.926,14.953165580936833,4.05743747289625,4.758967250740088,2.702901985364933,0.980933942563186,1.1023973571973325,4.5,normal,0.5733062546374945
Evan Mobley,38,20,18,availability undertrust,availability=low; GP_FACTOR=0.78,unclear/other,,65,31.907692307692308,0.779,13.946823143157355,7.126608078839271,2.654003116175818,0.7433289003680225,0.6236718354812987,1.282864219594881,4.0,low,0.7249156446787912
