recorded_at,label,benchmark_class,trust_tier,status,matched_players,spearman,hit_rate,mae
2026-04-28T14:26:41,actual_14cat_24_25_snapshot.csv,historical_snapshot,snapshot_derived,ok,94,0.6571469855145757,25.53191489361702,24.25531914893617
2026-04-28T14:26:41,actual_14cat_23_24_snapshot.csv,historical_snapshot,snapshot_derived,ok,84,0.61492355978536,27.380952380952383,22.416666666666668
2026-04-28T14:26:41,yahoo_25_26_adp_proxy,direct_export_market,direct_export,ok,124,0.674889063729347,13.709677419354838,30.733870967741936
2026-04-28T14:26:41,yahoo_25_26_live_snapshot,direct_export_live,direct_export,ok,129,0.5198904293381038,11.627906976744184,107.13953488372093
2026-04-28T14:26:41,actual_9cat_24_25.csv,directional_legacy,legacy_directional,ok,29,0.6995073891625614,24.13793103448276,17.482758620689655
2026-04-28T14:28:08,actual_14cat_24_25_snapshot.csv,historical_snapshot,snapshot_derived,ok,94,0.6571469855145757,25.53191489361702,24.25531914893617
2026-04-28T14:28:08,actual_14cat_23_24_snapshot.csv,historical_snapshot,snapshot_derived,ok,84,0.61492355978536,27.380952380952383,22.416666666666668
2026-04-28T14:28:08,yahoo_25_26_adp_proxy,direct_export_market,direct_export,ok,124,0.674889063729347,13.709677419354838,30.733870967741936
2026-04-28T14:28:08,yahoo_25_26_live_snapshot,direct_export_live,direct_export,ok,129,0.5198904293381038,11.627906976744184,107.13953488372093
2026-04-28T14:28:08,actual_9cat_24_25.csv,directional_legacy,legacy_directional,ok,29,0.6995073891625614,24.13793103448276,17.482758620689655
2026-04-30T15:40:12,actual_14cat_24_25_snapshot.csv,historical_snapshot,snapshot_derived,ok,94,0.6571469855145757,25.53191489361702,24.25531914893617
2026-04-30T15:40:12,actual_14cat_23_24_snapshot.csv,historical_snapshot,snapshot_derived,ok,84,0.61492355978536,27.380952380952383,22.416666666666668
2026-04-30T15:40:12,yahoo_25_26_adp_proxy,direct_export_market,direct_export,ok,124,0.674889063729347,13.709677419354838,30.733870967741936
2026-04-30T15:40:12,yahoo_25_26_live_snapshot,direct_export_live,direct_export,ok,129,0.5198904293381038,11.627906976744184,107.13953488372093
2026-04-30T15:40:12,actual_9cat_24_25.csv,directional_legacy,legacy_directional,ok,29,0.6995073891625614,24.13793103448276,17.482758620689655
2026-04-30T15:41:20,actual_14cat_24_25_snapshot.csv,historical_snapshot,snapshot_derived,ok,94,0.6571469855145757,25.53191489361702,24.25531914893617
2026-04-30T15:41:20,actual_14cat_23_24_snapshot.csv,historical_snapshot,snapshot_derived,ok,84,0.61492355978536,27.380952380952383,22.416666666666668
2026-04-30T15:41:20,yahoo_25_26_adp_proxy,direct_export_market,direct_export,ok,124,0.674889063729347,13.709677419354838,30.733870967741936
2026-04-30T15:41:20,yahoo_25_26_live_snapshot,direct_export_live,direct_export,ok,129,0.5198904293381038,11.627906976744185,107.13953488372093
2026-04-30T15:41:20,actual_9cat_24_25.csv,directional_legacy,legacy_directional,ok,29,0.6995073891625614,24.137931034482758,17.482758620689655
