PLAYER_NAME,RANK,ACTUAL_RANK,delta,DISTORTION_FAMILY,MISS_BUCKET,PTS,REB,AST,3PTM,BLK,TO,FG%,DD,TD,DD_G,TD_G,MILESTONE_ABS_SHARE,TOTAL_VALUE
Ivica Zubac,79,10,69,big-man stat carry,category-weight distortion,11.1981845761314,8.506194781369386,1.6815010147710783,0.0,0.8001451999456615,1.1930393652911495,0.6072102175883742,0.3679608565054402,0.0,0.5230815147754349,-0.16670000174899346,,-1.8522174787321022
Jaden McDaniels,97,33,64,unclassified (category-weight distortion),category-weight distortion,12.340667023193804,4.079256362222277,2.1319408220827962,1.2143863662814482,0.8330122632075003,1.4074355300270662,0.500752005859381,0.020783968114287576,0.0,-0.48050916281859374,-0.3241544539113153,,-2.7213682356815547
Jaren Jackson Jr.,71,17,54,unclassified (category-weight distortion),category-weight distortion,15.651628054915518,4.140850661744986,1.520423995565592,1.3586767619947842,1.114729377836619,1.6285522964572028,0.47225573309843627,0.04419544242487585,0.0,-0.3541462394905944,-0.3241544539113153,,-1.4332344170908953
Alperen Şengün,20,62,-42,big-man stat carry,category-weight distortion,17.543281355596818,8.161963301997542,4.9113937093335425,0.41234936323208166,0.8221214799645098,2.5249220787997304,0.5142774746844865,0.3990788651583048,0.04200830159561104,0.6204709637719974,0.2155181767683334,0.3140578003679156,2.661895802495521
Toumani Camara,95,56,39,unclassified (category-weight distortion),category-weight distortion,12.360975609756098,5.093756097560976,2.27209756097561,2.334731707317074,0.450829268292683,1.6243902439024391,0.44479280019509215,0.032630894308943094,0.0,-0.43205724740701384,-0.3241544539113153,,-2.6890212721367646
Walker Kessler,103,67,36,big-man stat carry,category-weight distortion,7.592073170731706,8.208536585365854,1.1152439024390244,0.06951219512195121,1.7121951219512197,1.0121951219512195,0.6306480475920077,0.3591463414634146,0.0,0.4812996627272925,-0.3241544539113153,,-3.1956417020697248
Jalen Brunson,24,59,-35,concentrated scorer carry,category-weight distortion,23.32241156579978,2.852120713841545,6.068652734524326,2.255878013697582,0.1097152764210348,2.1202919246109153,0.47556934461620776,0.11230014274376618,0.0,-0.02587696568798861,-0.3241544539113153,0.16133583198695362,2.1695826357260124
De'Aaron Fox,34,60,-26,concentrated scorer carry,category-weight distortion,18.737793616361067,3.6289044089993863,5.107118662479133,1.788186548090136,0.29474884498006787,2.1350889883719226,0.47083774394300965,0.07784750159405408,0.0,-0.15869837861101252,-0.3241544539113153,0.40489732447478743,1.192531546481964
Rudy Gobert,68,46,22,big-man stat carry,category-weight distortion,10.718241055234117,10.369846717574992,1.484359316453445,0.0,1.5020943208035733,1.2429017667807354,0.6555241800876648,0.3592158500810537,0.0,0.5220774055854549,-0.3241544539113153,,-1.360357085685506
Onyeka Okongwu,58,40,18,unclassified (category-weight distortion),category-weight distortion,12.80009756097561,6.808,2.5226341463414634,1.4458536585365853,0.9218536585365854,1.3878048780487804,0.4963929685194346,0.16967616808698208,0.0,0.13854389283470242,-0.3241544539113153,,-0.662369499657403
